empid,empname, design,dept,compid,compname
505,Fathima,Hacker,service,6,MICRO
506,Chandu,Webdeveloper,Account,1,BIZRUNTIME
507,Deepu,Networkengineer,Finance,2,HP
508,Chandu,Webdeveloper,Account,1,BIZRUNTIME
509,Deepika,Tester,Marketing,4,TCS
510,Chandu,Webdeveloper,Account,1,BIZRUNTIME
511,Fathima,Hacker,service,6,MICRO
512,Chandu,Webdeveloper,Account,1,BIZRUNTIME
513,Deepu,Networkengineer,Finance,2,HP
514,Chandu,Webdeveloper,Account,1,BIZRUNTIME
515,Fathima,Hacker,service,6,MICRO
516,Chandu,Webdeveloper,Account,1,BIZRUNTIME
517,Fathima,Hacker,service,6,MICRO
518,Chandu,Webdeveloper,Account,1,BIZRUNTIME
519,Deepu,Networkengineer,Finance,2,HP
520,Chandu,Webdeveloper,Account,1,BIZRUNTIME
521,Fathima,Hacker,service,6,MICRO
522,Chandu,Webdeveloper,Account,1,BIZRUNTIME
523,Fathima,Hacker,service,6,MICRO
524,Chandu,Webdeveloper,Account,1,BIZRUNTIME
525,Deepu,Networkengineer,Finance,2,HP
526,Chandu,Webdeveloper,Account,1,BIZRUNTIME
527,Fathima,Hacker,service,6,MICRO
528,Chandu,Webdeveloper,Account,1,BIZRUNTIME
529,Deepika,Tester,Marketing,4,TCS
530,Chandu,Webdeveloper,Account,1,BIZRUNTIME
531,Deepu,Networkengineer,Finance,2,HP
532,Chandu,Webdeveloper,Account,1,BIZRUNTIME
533,Fathima,Hacker,service,6,MICRO
534,Chandu,Webdeveloper,Account,1,BIZRUNTIME
535,Fathima,Hacker,service,6,MICRO
536,Chandu,Webdeveloper,Account,1,BIZRUNTIME
537,Deepu,Networkengineer,Finance,2,HP
538,Chandu,Webdeveloper,Account,1,BIZRUNTIME
539,Deepika,Tester,Marketing,4,TCS
540,Chandu,Webdeveloper,Account,1,BIZRUNTIME
541,Fathima,Hacker,service,6,MICRO
542,Chandu,Webdeveloper,Account,1,BIZRUNTIME
543,Deepu,Networkengineer,Finance,2,HP
544,Chandu,Webdeveloper,Account,1,BIZRUNTIME
545,Fathima,Hacker,service,6,MICRO
546,Chandu,Webdeveloper,Account,1,BIZRUNTIME
547,Fathima,Hacker,service,6,MICRO
548,Chandu,Webdeveloper,Account,1,BIZRUNTIME
549,Deepu,Networkengineer,Finance,2,HP
550,Chandu,Webdeveloper,Account,1,BIZRUNTIME
551,Fathima,Hacker,service,6,MICRO
552,Chandu,Webdeveloper,Account,1,BIZRUNTIME
553,Fathima,Hacker,service,6,MICRO
554,Chandu,Webdeveloper,Account,1,BIZRUNTIME
555,Deepu,Networkengineer,Finance,2,HP
556,Chandu,Webdeveloper,Account,1,BIZRUNTIME
557,Fathima,Hacker,service,6,MICRO
558,Chandu,Webdeveloper,Account,1,BIZRUNTIME
559,Deepika,Tester,Marketing,4,TCS
560,Chandu,Webdeveloper,Account,1,BIZRUNTIME
561,Deepu,Networkengineer,Finance,2,HP
562,Chandu,Webdeveloper,Account,1,BIZRUNTIME
563,Fathima,Hacker,service,6,MICRO
564,Chandu,Webdeveloper,Account,1,BIZRUNTIME
565,Fathima,Hacker,service,6,MICRO
566,Chandu,Webdeveloper,Account,1,BIZRUNTIME
567,Deepu,Networkengineer,Finance,2,HP
568,Chandu,Webdeveloper,Account,1,BIZRUNTIME
569,Deepika,Tester,Marketing,4,TCS
570,Chandu,Webdeveloper,Account,1,BIZRUNTIME
571,Fathima,Hacker,service,6,MICRO
572,Chandu,Webdeveloper,Account,1,BIZRUNTIME
573,Deepu,Networkengineer,Finance,2,HP
574,Chandu,Webdeveloper,Account,1,BIZRUNTIME
575,Fathima,Hacker,service,6,MICRO
576,Chandu,Webdeveloper,Account,1,BIZRUNTIME
577,Fathima,Hacker,service,6,MICRO
578,Chandu,Webdeveloper,Account,1,BIZRUNTIME
579,Deepu,Networkengineer,Finance,2,HP
580,Chandu,Webdeveloper,Account,1,BIZRUNTIME
581,Fathima,Hacker,service,6,MICRO
582,Chandu,Webdeveloper,Account,1,BIZRUNTIME
583,Fathima,Hacker,service,6,MICRO
584,Chandu,Webdeveloper,Account,1,BIZRUNTIME
585,Deepu,Networkengineer,Finance,2,HP
586,Chandu,Webdeveloper,Account,1,BIZRUNTIME
587,Fathima,Hacker,service,6,MICRO
588,Chandu,Webdeveloper,Account,1,BIZRUNTIME
589,Deepika,Tester,Marketing,4,TCS
590,Chandu,Webdeveloper,Account,1,BIZRUNTIME
591,Deepu,Networkengineer,Finance,2,HP
592,Chandu,Webdeveloper,Account,1,BIZRUNTIME
593,Fathima,Hacker,service,6,MICRO
594,Chandu,Webdeveloper,Account,1,BIZRUNTIME
595,Fathima,Hacker,service,6,MICRO
596,Chandu,Webdeveloper,Account,1,BIZRUNTIME
597,Deepu,Networkengineer,Finance,2,HP
598,Chandu,Webdeveloper,Account,1,BIZRUNTIME
599,Deepika,Tester,Marketing,4,TCS
600,Chandu,Webdeveloper,Account,1,BIZRUNTIME
601,Fathima,Hacker,service,6,MICRO
602,Chandu,Webdeveloper,Account,1,BIZRUNTIME
603,Deepu,Networkengineer,Finance,2,HP
604,Chandu,Webdeveloper,Account,1,BIZRUNTIME
605,Fathima,Hacker,service,6,MICRO
606,Chandu,Webdeveloper,Account,1,BIZRUNTIME
607,Fathima,Hacker,service,6,MICRO
608,Chandu,Webdeveloper,Account,1,BIZRUNTIME
609,Deepu,Networkengineer,Finance,2,HP
610,Chandu,Webdeveloper,Account,1,BIZRUNTIME
611,Fathima,Hacker,service,6,MICRO
612,Chandu,Webdeveloper,Account,1,BIZRUNTIME
613,Fathima,Hacker,service,6,MICRO
614,Chandu,Webdeveloper,Account,1,BIZRUNTIME
615,Deepu,Networkengineer,Finance,2,HP
616,Chandu,Webdeveloper,Account,1,BIZRUNTIME
617,Fathima,Hacker,service,6,MICRO
618,Chandu,Webdeveloper,Account,1,BIZRUNTIME
619,Deepika,Tester,Marketing,4,TCS
620,Chandu,Webdeveloper,Account,1,BIZRUNTIME
621,Deepu,Networkengineer,Finance,2,HP
622,Chandu,Webdeveloper,Account,1,BIZRUNTIME
623,Fathima,Hacker,service,6,MICRO
624,Chandu,Webdeveloper,Account,1,BIZRUNTIME
625,Fathima,Hacker,service,6,MICRO
626,Chandu,Webdeveloper,Account,1,BIZRUNTIME
627,Deepu,Networkengineer,Finance,2,HP
628,Chandu,Webdeveloper,Account,1,BIZRUNTIME
629,Deepika,Tester,Marketing,4,TCS
630,Chandu,Webdeveloper,Account,1,BIZRUNTIME
631,Fathima,Hacker,service,6,MICRO
632,Chandu,Webdeveloper,Account,1,BIZRUNTIME
633,Deepu,Networkengineer,Finance,2,HP
634,Chandu,Webdeveloper,Account,1,BIZRUNTIME
635,Fathima,Hacker,service,6,MICRO
636,Chandu,Webdeveloper,Account,1,BIZRUNTIME
637,Fathima,Hacker,service,6,MICRO
638,Chandu,Webdeveloper,Account,1,BIZRUNTIME
639,Deepu,Networkengineer,Finance,2,HP
640,Chandu,Webdeveloper,Account,1,BIZRUNTIME
641,Fathima,Hacker,service,6,MICRO
642,Chandu,Webdeveloper,Account,1,BIZRUNTIME
643,Fathima,Hacker,service,6,MICRO
644,Chandu,Webdeveloper,Account,1,BIZRUNTIME
645,Deepu,Networkengineer,Finance,2,HP
646,Chandu,Webdeveloper,Account,1,BIZRUNTIME
647,Fathima,Hacker,service,6,MICRO
648,Chandu,Webdeveloper,Account,1,BIZRUNTIME
649,Deepika,Tester,Marketing,4,TCS
650,Chandu,Webdeveloper,Account,1,BIZRUNTIME
651,Deepu,Networkengineer,Finance,2,HP
652,Chandu,Webdeveloper,Account,1,BIZRUNTIME
653,Fathima,Hacker,service,6,MICRO
654,Chandu,Webdeveloper,Account,1,BIZRUNTIME
655,Fathima,Hacker,service,6,MICRO
656,Chandu,Webdeveloper,Account,1,BIZRUNTIME
657,Deepu,Networkengineer,Finance,2,HP
658,Chandu,Webdeveloper,Account,1,BIZRUNTIME
659,Deepika,Tester,Marketing,4,TCS
660,Chandu,Webdeveloper,Account,1,BIZRUNTIME
661,Fathima,Hacker,service,6,MICRO
662,Chandu,Webdeveloper,Account,1,BIZRUNTIME
663,Deepu,Networkengineer,Finance,2,HP
664,Chandu,Webdeveloper,Account,1,BIZRUNTIME
665,Fathima,Hacker,service,6,MICRO
666,Chandu,Webdeveloper,Account,1,BIZRUNTIME
667,Fathima,Hacker,service,6,MICRO
668,Chandu,Webdeveloper,Account,1,BIZRUNTIME
669,Deepu,Networkengineer,Finance,2,HP
670,Chandu,Webdeveloper,Account,1,BIZRUNTIME
671,Fathima,Hacker,service,6,MICRO
672,Chandu,Webdeveloper,Account,1,BIZRUNTIME
673,Fathima,Hacker,service,6,MICRO
674,Chandu,Webdeveloper,Account,1,BIZRUNTIME
675,Deepu,Networkengineer,Finance,2,HP
676,Chandu,Webdeveloper,Account,1,BIZRUNTIME
677,Fathima,Hacker,service,6,MICRO
678,Chandu,Webdeveloper,Account,1,BIZRUNTIME
679,Deepika,Tester,Marketing,4,TCS
680,Chandu,Webdeveloper,Account,1,BIZRUNTIME
681,Deepu,Networkengineer,Finance,2,HP
682,Chandu,Webdeveloper,Account,1,BIZRUNTIME
683,Fathima,Hacker,service,6,MICRO
684,Chandu,Webdeveloper,Account,1,BIZRUNTIME
685,Fathima,Hacker,service,6,MICRO
686,Chandu,Webdeveloper,Account,1,BIZRUNTIME
687,Deepu,Networkengineer,Finance,2,HP
688,Chandu,Webdeveloper,Account,1,BIZRUNTIME
689,Deepika,Tester,Marketing,4,TCS
690,Chandu,Webdeveloper,Account,1,BIZRUNTIME
691,Fathima,Hacker,service,6,MICRO
692,Chandu,Webdeveloper,Account,1,BIZRUNTIME
693,Deepu,Networkengineer,Finance,2,HP
694,Chandu,Webdeveloper,Account,1,BIZRUNTIME
695,Fathima,Hacker,service,6,MICRO
696,Chandu,Webdeveloper,Account,1,BIZRUNTIME
697,Fathima,Hacker,service,6,MICRO
698,Chandu,Webdeveloper,Account,1,BIZRUNTIME
699,Deepu,Networkengineer,Finance,2,HP
700,Chandu,Webdeveloper,Account,1,BIZRUNTIME
701,Fathima,Hacker,service,6,MICRO
702,Chandu,Webdeveloper,Account,1,BIZRUNTIME
703,Fathima,Hacker,service,6,MICRO
704,Fathima,Hacker,service,6,MICRO
705,Chandu,Webdeveloper,Account,1,BIZRUNTIME
706,Deepu,Networkengineer,Finance,2,HP
707,Chandu,Webdeveloper,Account,1,BIZRUNTIME
708,Deepika,Tester,Marketing,4,TCS
709,Chandu,Webdeveloper,Account,1,BIZRUNTIME
710,Fathima,Hacker,service,6,MICRO
711,Chandu,Webdeveloper,Account,1,BIZRUNTIME
712,Deepu,Networkengineer,Finance,2,HP
713,Chandu,Webdeveloper,Account,1,BIZRUNTIME
714,Fathima,Hacker,service,6,MICRO
715,Chandu,Webdeveloper,Account,1,BIZRUNTIME
716,Fathima,Hacker,service,6,MICRO
717,Chandu,Webdeveloper,Account,1,BIZRUNTIME
718,Deepu,Networkengineer,Finance,2,HP
719,Chandu,Webdeveloper,Account,1,BIZRUNTIME
720,Fathima,Hacker,service,6,MICRO
721,Chandu,Webdeveloper,Account,1,BIZRUNTIME
722,Fathima,Hacker,service,6,MICRO
723,Chandu,Webdeveloper,Account,1,BIZRUNTIME
724,Deepu,Networkengineer,Finance,2,HP
725,Chandu,Webdeveloper,Account,1,BIZRUNTIME
726,Fathima,Hacker,service,6,MICRO
727,Chandu,Webdeveloper,Account,1,BIZRUNTIME
728,Deepika,Tester,Marketing,4,TCS
729,Chandu,Webdeveloper,Account,1,BIZRUNTIME
730,Deepu,Networkengineer,Finance,2,HP
731,Chandu,Webdeveloper,Account,1,BIZRUNTIME
732,Fathima,Hacker,service,6,MICRO
733,Chandu,Webdeveloper,Account,1,BIZRUNTIME
734,Fathima,Hacker,service,6,MICRO
735,Chandu,Webdeveloper,Account,1,BIZRUNTIME
736,Deepu,Networkengineer,Finance,2,HP
737,Chandu,Webdeveloper,Account,1,BIZRUNTIME
738,Deepika,Tester,Marketing,4,TCS
739,Chandu,Webdeveloper,Account,1,BIZRUNTIME
740,Fathima,Hacker,service,6,MICRO
741,Chandu,Webdeveloper,Account,1,BIZRUNTIME
742,Deepu,Networkengineer,Finance,2,HP
743,Chandu,Webdeveloper,Account,1,BIZRUNTIME
744,Fathima,Hacker,service,6,MICRO
745,Chandu,Webdeveloper,Account,1,BIZRUNTIME
746,Fathima,Hacker,service,6,MICRO
747,Chandu,Webdeveloper,Account,1,BIZRUNTIME
748,Deepu,Networkengineer,Finance,2,HP
749,Chandu,Webdeveloper,Account,1,BIZRUNTIME
750,Fathima,Hacker,service,6,MICRO
751,Chandu,Webdeveloper,Account,1,BIZRUNTIME
752,Fathima,Hacker,service,6,MICRO
753,Chandu,Webdeveloper,Account,1,BIZRUNTIME
754,Deepu,Networkengineer,Finance,2,HP
755,Chandu,Webdeveloper,Account,1,BIZRUNTIME
756,Fathima,Hacker,service,6,MICRO
757,Chandu,Webdeveloper,Account,1,BIZRUNTIME
758,Deepika,Tester,Marketing,4,TCS
759,Chandu,Webdeveloper,Account,1,BIZRUNTIME
760,Deepu,Networkengineer,Finance,2,HP
761,Chandu,Webdeveloper,Account,1,BIZRUNTIME
762,Fathima,Hacker,service,6,MICRO
763,Chandu,Webdeveloper,Account,1,BIZRUNTIME
764,Fathima,Hacker,service,6,MICRO
765,Chandu,Webdeveloper,Account,1,BIZRUNTIME
766,Deepu,Networkengineer,Finance,2,HP
767,Chandu,Webdeveloper,Account,1,BIZRUNTIME
768,Deepika,Tester,Marketing,4,TCS
769,Chandu,Webdeveloper,Account,1,BIZRUNTIME
770,Fathima,Hacker,service,6,MICRO
771,Chandu,Webdeveloper,Account,1,BIZRUNTIME
772,Deepu,Networkengineer,Finance,2,HP
773,Chandu,Webdeveloper,Account,1,BIZRUNTIME
774,Fathima,Hacker,service,6,MICRO
775,Chandu,Webdeveloper,Account,1,BIZRUNTIME
776,Fathima,Hacker,service,6,MICRO
777,Chandu,Webdeveloper,Account,1,BIZRUNTIME
778,Deepu,Networkengineer,Finance,2,HP
779,Chandu,Webdeveloper,Account,1,BIZRUNTIME
780,Fathima,Hacker,service,6,MICRO
781,Chandu,Webdeveloper,Account,1,BIZRUNTIME
782,Fathima,Hacker,service,6,MICRO
783,Chandu,Webdeveloper,Account,1,BIZRUNTIME
784,Deepu,Networkengineer,Finance,2,HP
785,Chandu,Webdeveloper,Account,1,BIZRUNTIME
786,Fathima,Hacker,service,6,MICRO
787,Chandu,Webdeveloper,Account,1,BIZRUNTIME
788,Deepika,Tester,Marketing,4,TCS
789,Chandu,Webdeveloper,Account,1,BIZRUNTIME
790,Deepu,Networkengineer,Finance,2,HP
791,Chandu,Webdeveloper,Account,1,BIZRUNTIME
792,Fathima,Hacker,service,6,MICRO
793,Chandu,Webdeveloper,Account,1,BIZRUNTIME
794,Fathima,Hacker,service,6,MICRO
795,Chandu,Webdeveloper,Account,1,BIZRUNTIME
796,Deepu,Networkengineer,Finance,2,HP
797,Chandu,Webdeveloper,Account,1,BIZRUNTIME
798,Deepika,Tester,Marketing,4,TCS
799,Chandu,Webdeveloper,Account,1,BIZRUNTIME
800,Fathima,Hacker,service,6,MICRO
801,Chandu,Webdeveloper,Account,1,BIZRUNTIME
802,Deepu,Networkengineer,Finance,2,HP
803,Chandu,Webdeveloper,Account,1,BIZRUNTIME
804,Fathima,Hacker,service,6,MICRO
805,Chandu,Webdeveloper,Account,1,BIZRUNTIME
806,Fathima,Hacker,service,6,MICRO
807,Chandu,Webdeveloper,Account,1,BIZRUNTIME
808,Deepu,Networkengineer,Finance,2,HP
809,Chandu,Webdeveloper,Account,1,BIZRUNTIME
810,Fathima,Hacker,service,6,MICRO
811,Chandu,Webdeveloper,Account,1,BIZRUNTIME
812,Fathima,Hacker,service,6,MICRO
813,Chandu,Webdeveloper,Account,1,BIZRUNTIME
814,Deepu,Networkengineer,Finance,2,HP
815,Chandu,Webdeveloper,Account,1,BIZRUNTIME
816,Fathima,Hacker,service,6,MICRO
817,Chandu,Webdeveloper,Account,1,BIZRUNTIME
818,Deepika,Tester,Marketing,4,TCS
819,Chandu,Webdeveloper,Account,1,BIZRUNTIME
820,Deepu,Networkengineer,Finance,2,HP
821,Chandu,Webdeveloper,Account,1,BIZRUNTIME
822,Fathima,Hacker,service,6,MICRO
823,Chandu,Webdeveloper,Account,1,BIZRUNTIME
824,Fathima,Hacker,service,6,MICRO
825,Chandu,Webdeveloper,Account,1,BIZRUNTIME
826,Deepu,Networkengineer,Finance,2,HP
827,Chandu,Webdeveloper,Account,1,BIZRUNTIME
828,Deepika,Tester,Marketing,4,TCS
829,Chandu,Webdeveloper,Account,1,BIZRUNTIME
830,Fathima,Hacker,service,6,MICRO
831,Chandu,Webdeveloper,Account,1,BIZRUNTIME
832,Deepu,Networkengineer,Finance,2,HP
833,Chandu,Webdeveloper,Account,1,BIZRUNTIME
834,Fathima,Hacker,service,6,MICRO
835,Chandu,Webdeveloper,Account,1,BIZRUNTIME
836,Fathima,Hacker,service,6,MICRO
837,Chandu,Webdeveloper,Account,1,BIZRUNTIME
838,Deepu,Networkengineer,Finance,2,HP
839,Chandu,Webdeveloper,Account,1,BIZRUNTIME
840,Fathima,Hacker,service,6,MICRO
841,Chandu,Webdeveloper,Account,1,BIZRUNTIME
842,Fathima,Hacker,service,6,MICRO
843,Chandu,Webdeveloper,Account,1,BIZRUNTIME
844,Deepu,Networkengineer,Finance,2,HP
845,Chandu,Webdeveloper,Account,1,BIZRUNTIME
846,Fathima,Hacker,service,6,MICRO
847,Chandu,Webdeveloper,Account,1,BIZRUNTIME
848,Deepika,Tester,Marketing,4,TCS
849,Chandu,Webdeveloper,Account,1,BIZRUNTIME
850,Deepu,Networkengineer,Finance,2,HP
851,Chandu,Webdeveloper,Account,1,BIZRUNTIME
852,Fathima,Hacker,service,6,MICRO
853,Chandu,Webdeveloper,Account,1,BIZRUNTIME
854,Fathima,Hacker,service,6,MICRO
855,Chandu,Webdeveloper,Account,1,BIZRUNTIME
856,Deepu,Networkengineer,Finance,2,HP
857,Chandu,Webdeveloper,Account,1,BIZRUNTIME
858,Deepika,Tester,Marketing,4,TCS
859,Chandu,Webdeveloper,Account,1,BIZRUNTIME
860,Fathima,Hacker,service,6,MICRO
861,Chandu,Webdeveloper,Account,1,BIZRUNTIME
862,Deepu,Networkengineer,Finance,2,HP
863,Chandu,Webdeveloper,Account,1,BIZRUNTIME
864,Fathima,Hacker,service,6,MICRO
865,Chandu,Webdeveloper,Account,1,BIZRUNTIME
866,Fathima,Hacker,service,6,MICRO
867,Chandu,Webdeveloper,Account,1,BIZRUNTIME
868,Deepu,Networkengineer,Finance,2,HP
869,Chandu,Webdeveloper,Account,1,BIZRUNTIME
870,Fathima,Hacker,service,6,MICRO
871,Chandu,Webdeveloper,Account,1,BIZRUNTIME
872,Fathima,Hacker,service,6,MICRO
873,Chandu,Webdeveloper,Account,1,BIZRUNTIME
874,Deepu,Networkengineer,Finance,2,HP
875,Chandu,Webdeveloper,Account,1,BIZRUNTIME
876,Fathima,Hacker,service,6,MICRO
877,Chandu,Webdeveloper,Account,1,BIZRUNTIME
878,Deepika,Tester,Marketing,4,TCS
879,Chandu,Webdeveloper,Account,1,BIZRUNTIME
880,Deepu,Networkengineer,Finance,2,HP
881,Chandu,Webdeveloper,Account,1,BIZRUNTIME
882,Fathima,Hacker,service,6,MICRO
883,Chandu,Webdeveloper,Account,1,BIZRUNTIME
884,Fathima,Hacker,service,6,MICRO
885,Chandu,Webdeveloper,Account,1,BIZRUNTIME
886,Deepu,Networkengineer,Finance,2,HP
887,Chandu,Webdeveloper,Account,1,BIZRUNTIME
888,Deepika,Tester,Marketing,4,TCS
889,Chandu,Webdeveloper,Account,1,BIZRUNTIME
890,Fathima,Hacker,service,6,MICRO
891,Chandu,Webdeveloper,Account,1,BIZRUNTIME
892,Deepu,Networkengineer,Finance,2,HP
893,Chandu,Webdeveloper,Account,1,BIZRUNTIME
894,Fathima,Hacker,service,6,MICRO
895,Chandu,Webdeveloper,Account,1,BIZRUNTIME
896,Fathima,Hacker,service,6,MICRO
897,Chandu,Webdeveloper,Account,1,BIZRUNTIME
898,Deepu,Networkengineer,Finance,2,HP
899,Chandu,Webdeveloper,Account,1,BIZRUNTIME
900,Fathima,Hacker,service,6,MICRO
901,Chandu,Webdeveloper,Account,1,BIZRUNTIME
902,Fathima,Hacker,service,6,MICRO
903,Fathima,Hacker,service,6,MICRO
904,Chandu,Webdeveloper,Account,1,BIZRUNTIME
905,Deepu,Networkengineer,Finance,2,HP
906,Chandu,Webdeveloper,Account,1,BIZRUNTIME
907,Deepika,Tester,Marketing,4,TCS
908,Chandu,Webdeveloper,Account,1,BIZRUNTIME
909,Fathima,Hacker,service,6,MICRO
910,Chandu,Webdeveloper,Account,1,BIZRUNTIME
911,Deepu,Networkengineer,Finance,2,HP
912,Chandu,Webdeveloper,Account,1,BIZRUNTIME
913,Fathima,Hacker,service,6,MICRO
914,Chandu,Webdeveloper,Account,1,BIZRUNTIME
915,Fathima,Hacker,service,6,MICRO
916,Chandu,Webdeveloper,Account,1,BIZRUNTIME
917,Deepu,Networkengineer,Finance,2,HP
918,Chandu,Webdeveloper,Account,1,BIZRUNTIME
919,Fathima,Hacker,service,6,MICRO
920,Chandu,Webdeveloper,Account,1,BIZRUNTIME
921,Fathima,Hacker,service,6,MICRO
922,Chandu,Webdeveloper,Account,1,BIZRUNTIME
923,Deepu,Networkengineer,Finance,2,HP
924,Chandu,Webdeveloper,Account,1,BIZRUNTIME
925,Fathima,Hacker,service,6,MICRO
926,Chandu,Webdeveloper,Account,1,BIZRUNTIME
927,Deepika,Tester,Marketing,4,TCS
928,Chandu,Webdeveloper,Account,1,BIZRUNTIME
929,Deepu,Networkengineer,Finance,2,HP
930,Chandu,Webdeveloper,Account,1,BIZRUNTIME
931,Fathima,Hacker,service,6,MICRO
932,Chandu,Webdeveloper,Account,1,BIZRUNTIME
933,Fathima,Hacker,service,6,MICRO
934,Chandu,Webdeveloper,Account,1,BIZRUNTIME
935,Deepu,Networkengineer,Finance,2,HP
936,Chandu,Webdeveloper,Account,1,BIZRUNTIME
937,Deepika,Tester,Marketing,4,TCS
938,Chandu,Webdeveloper,Account,1,BIZRUNTIME
939,Fathima,Hacker,service,6,MICRO
940,Chandu,Webdeveloper,Account,1,BIZRUNTIME
941,Deepu,Networkengineer,Finance,2,HP
942,Chandu,Webdeveloper,Account,1,BIZRUNTIME
943,Fathima,Hacker,service,6,MICRO
944,Chandu,Webdeveloper,Account,1,BIZRUNTIME
945,Fathima,Hacker,service,6,MICRO
946,Chandu,Webdeveloper,Account,1,BIZRUNTIME
947,Deepu,Networkengineer,Finance,2,HP
948,Chandu,Webdeveloper,Account,1,BIZRUNTIME
949,Fathima,Hacker,service,6,MICRO
950,Chandu,Webdeveloper,Account,1,BIZRUNTIME
951,Fathima,Hacker,service,6,MICRO
952,Chandu,Webdeveloper,Account,1,BIZRUNTIME
953,Deepu,Networkengineer,Finance,2,HP
954,Chandu,Webdeveloper,Account,1,BIZRUNTIME
955,Fathima,Hacker,service,6,MICRO
956,Chandu,Webdeveloper,Account,1,BIZRUNTIME
957,Deepika,Tester,Marketing,4,TCS
958,Chandu,Webdeveloper,Account,1,BIZRUNTIME
959,Deepu,Networkengineer,Finance,2,HP
960,Chandu,Webdeveloper,Account,1,BIZRUNTIME
961,Fathima,Hacker,service,6,MICRO
962,Chandu,Webdeveloper,Account,1,BIZRUNTIME
963,Fathima,Hacker,service,6,MICRO
964,Chandu,Webdeveloper,Account,1,BIZRUNTIME
965,Deepu,Networkengineer,Finance,2,HP
966,Chandu,Webdeveloper,Account,1,BIZRUNTIME
967,Deepika,Tester,Marketing,4,TCS
968,Chandu,Webdeveloper,Account,1,BIZRUNTIME
969,Fathima,Hacker,service,6,MICRO
970,Chandu,Webdeveloper,Account,1,BIZRUNTIME
971,Deepu,Networkengineer,Finance,2,HP
972,Chandu,Webdeveloper,Account,1,BIZRUNTIME
973,Fathima,Hacker,service,6,MICRO
974,Chandu,Webdeveloper,Account,1,BIZRUNTIME
975,Fathima,Hacker,service,6,MICRO
976,Chandu,Webdeveloper,Account,1,BIZRUNTIME
977,Deepu,Networkengineer,Finance,2,HP
978,Chandu,Webdeveloper,Account,1,BIZRUNTIME
979,Fathima,Hacker,service,6,MICRO
980,Chandu,Webdeveloper,Account,1,BIZRUNTIME
981,Fathima,Hacker,service,6,MICRO
982,Chandu,Webdeveloper,Account,1,BIZRUNTIME
983,Deepu,Networkengineer,Finance,2,HP
984,Chandu,Webdeveloper,Account,1,BIZRUNTIME
985,Fathima,Hacker,service,6,MICRO
986,Chandu,Webdeveloper,Account,1,BIZRUNTIME
987,Deepika,Tester,Marketing,4,TCS
988,Chandu,Webdeveloper,Account,1,BIZRUNTIME
989,Deepu,Networkengineer,Finance,2,HP
990,Chandu,Webdeveloper,Account,1,BIZRUNTIME
991,Fathima,Hacker,service,6,MICRO
992,Chandu,Webdeveloper,Account,1,BIZRUNTIME
993,Fathima,Hacker,service,6,MICRO
994,Chandu,Webdeveloper,Account,1,BIZRUNTIME
995,Deepu,Networkengineer,Finance,2,HP
996,Chandu,Webdeveloper,Account,1,BIZRUNTIME
997,Deepika,Tester,Marketing,4,TCS
998,Chandu,Webdeveloper,Account,1,BIZRUNTIME
999,Fathima,Hacker,service,6,MICRO
1000,Chandu,Webdeveloper,Account,1,BIZRUNTIME
1001,Deepu,Networkengineer,Finance,2,HP
1002,Chandu,Webdeveloper,Account,1,BIZRUNTIME
1003,Fathima,Hacker,service,6,MICRO
1004,Chandu,Webdeveloper,Account,1,BIZRUNTIME
1005,Fathima,Hacker,service,6,MICRO
1006,Chandu,Webdeveloper,Account,1,BIZRUNTIME
1007,Deepu,Networkengineer,Finance,2,HP
1008,Chandu,Webdeveloper,Account,1,BIZRUNTIME
1009,Fathima,Hacker,service,6,MICRO
1010,Chandu,Webdeveloper,Account,1,BIZRUNTIME
1011,Fathima,Hacker,service,6,MICRO
1012,Chandu,Webdeveloper,Account,1,BIZRUNTIME
1013,Deepu,Networkengineer,Finance,2,HP
1014,Chandu,Webdeveloper,Account,1,BIZRUNTIME
1015,Fathima,Hacker,service,6,MICRO
1016,Chandu,Webdeveloper,Account,1,BIZRUNTIME
1017,Deepika,Tester,Marketing,4,TCS
1018,Chandu,Webdeveloper,Account,1,BIZRUNTIME
1019,Deepu,Networkengineer,Finance,2,HP
1020,Chandu,Webdeveloper,Account,1,BIZRUNTIME
1021,Fathima,Hacker,service,6,MICRO
1022,Chandu,Webdeveloper,Account,1,BIZRUNTIME
1023,Fathima,Hacker,service,6,MICRO
1024,Chandu,Webdeveloper,Account,1,BIZRUNTIME
1025,Deepu,Networkengineer,Finance,2,HP
1026,Chandu,Webdeveloper,Account,1,BIZRUNTIME
1027,Deepika,Tester,Marketing,4,TCS
1028,Chandu,Webdeveloper,Account,1,BIZRUNTIME
1029,Fathima,Hacker,service,6,MICRO
1030,Chandu,Webdeveloper,Account,1,BIZRUNTIME
1031,Deepu,Networkengineer,Finance,2,HP
1032,Chandu,Webdeveloper,Account,1,BIZRUNTIME
1033,Fathima,Hacker,service,6,MICRO
1034,Chandu,Webdeveloper,Account,1,BIZRUNTIME
1035,Fathima,Hacker,service,6,MICRO
1036,Chandu,Webdeveloper,Account,1,BIZRUNTIME
1037,Deepu,Networkengineer,Finance,2,HP
1038,Chandu,Webdeveloper,Account,1,BIZRUNTIME
1039,Fathima,Hacker,service,6,MICRO
1040,Chandu,Webdeveloper,Account,1,BIZRUNTIME
1041,Fathima,Hacker,service,6,MICRO
1042,Chandu,Webdeveloper,Account,1,BIZRUNTIME
1043,Deepu,Networkengineer,Finance,2,HP
1044,Chandu,Webdeveloper,Account,1,BIZRUNTIME
1045,Fathima,Hacker,service,6,MICRO
1046,Chandu,Webdeveloper,Account,1,BIZRUNTIME
1047,Deepika,Tester,Marketing,4,TCS
1048,Chandu,Webdeveloper,Account,1,BIZRUNTIME
1049,Deepu,Networkengineer,Finance,2,HP
1050,Chandu,Webdeveloper,Account,1,BIZRUNTIME
1051,Fathima,Hacker,service,6,MICRO
1052,Chandu,Webdeveloper,Account,1,BIZRUNTIME
1053,Fathima,Hacker,service,6,MICRO
1054,Chandu,Webdeveloper,Account,1,BIZRUNTIME
1055,Deepu,Networkengineer,Finance,2,HP
1056,Chandu,Webdeveloper,Account,1,BIZRUNTIME
1057,Deepika,Tester,Marketing,4,TCS
1058,Chandu,Webdeveloper,Account,1,BIZRUNTIME
1059,Fathima,Hacker,service,6,MICRO
1060,Chandu,Webdeveloper,Account,1,BIZRUNTIME
1061,Deepu,Networkengineer,Finance,2,HP
1062,Chandu,Webdeveloper,Account,1,BIZRUNTIME
1063,Fathima,Hacker,service,6,MICRO
1064,Chandu,Webdeveloper,Account,1,BIZRUNTIME
1065,Fathima,Hacker,service,6,MICRO
1066,Chandu,Webdeveloper,Account,1,BIZRUNTIME
1067,Deepu,Networkengineer,Finance,2,HP
1068,Chandu,Webdeveloper,Account,1,BIZRUNTIME
1069,Fathima,Hacker,service,6,MICRO
1070,Chandu,Webdeveloper,Account,1,BIZRUNTIME
1071,Fathima,Hacker,service,6,MICRO
1072,Chandu,Webdeveloper,Account,1,BIZRUNTIME
1073,Deepu,Networkengineer,Finance,2,HP
1074,Chandu,Webdeveloper,Account,1,BIZRUNTIME
1075,Fathima,Hacker,service,6,MICRO
1076,Chandu,Webdeveloper,Account,1,BIZRUNTIME
1077,Deepika,Tester,Marketing,4,TCS
1078,Chandu,Webdeveloper,Account,1,BIZRUNTIME
1079,Deepu,Networkengineer,Finance,2,HP
1080,Chandu,Webdeveloper,Account,1,BIZRUNTIME
1081,Fathima,Hacker,service,6,MICRO
1082,Chandu,Webdeveloper,Account,1,BIZRUNTIME
1083,Fathima,Hacker,service,6,MICRO
1084,Chandu,Webdeveloper,Account,1,BIZRUNTIME
1085,Deepu,Networkengineer,Finance,2,HP
1086,Chandu,Webdeveloper,Account,1,BIZRUNTIME
1087,Deepika,Tester,Marketing,4,TCS
1088,Chandu,Webdeveloper,Account,1,BIZRUNTIME
1089,Fathima,Hacker,service,6,MICRO
1090,Chandu,Webdeveloper,Account,1,BIZRUNTIME
1091,Deepu,Networkengineer,Finance,2,HP
1092,Chandu,Webdeveloper,Account,1,BIZRUNTIME
1093,Fathima,Hacker,service,6,MICRO
1094,Chandu,Webdeveloper,Account,1,BIZRUNTIME
1095,Fathima,Hacker,service,6,MICRO
1096,Chandu,Webdeveloper,Account,1,BIZRUNTIME
1097,Deepu,Networkengineer,Finance,2,HP
1098,Chandu,Webdeveloper,Account,1,BIZRUNTIME
1099,Fathima,Hacker,service,6,MICRO
1100,Chandu,Webdeveloper,Account,1,BIZRUNTIME
1101,Fathima,Hacker,service,6,MICRO
1102,Fathima,Hacker,service,6,MICRO
1103,Chandu,Webdeveloper,Account,1,BIZRUNTIME
1104,Deepu,Networkengineer,Finance,2,HP
1105,Chandu,Webdeveloper,Account,1,BIZRUNTIME
1106,Deepika,Tester,Marketing,4,TCS
1107,Chandu,Webdeveloper,Account,1,BIZRUNTIME
1108,Fathima,Hacker,service,6,MICRO
1109,Chandu,Webdeveloper,Account,1,BIZRUNTIME
1110,Deepu,Networkengineer,Finance,2,HP
1111,Chandu,Webdeveloper,Account,1,BIZRUNTIME
1112,Fathima,Hacker,service,6,MICRO
1113,Chandu,Webdeveloper,Account,1,BIZRUNTIME
1114,Fathima,Hacker,service,6,MICRO
1115,Chandu,Webdeveloper,Account,1,BIZRUNTIME
1116,Deepu,Networkengineer,Finance,2,HP
1117,Chandu,Webdeveloper,Account,1,BIZRUNTIME
1118,Fathima,Hacker,service,6,MICRO
1119,Chandu,Webdeveloper,Account,1,BIZRUNTIME
1120,Fathima,Hacker,service,6,MICRO
1121,Chandu,Webdeveloper,Account,1,BIZRUNTIME
1122,Deepu,Networkengineer,Finance,2,HP
1123,Chandu,Webdeveloper,Account,1,BIZRUNTIME
1124,Fathima,Hacker,service,6,MICRO
1125,Chandu,Webdeveloper,Account,1,BIZRUNTIME
1126,Deepika,Tester,Marketing,4,TCS
1127,Chandu,Webdeveloper,Account,1,BIZRUNTIME
1128,Deepu,Networkengineer,Finance,2,HP
1129,Chandu,Webdeveloper,Account,1,BIZRUNTIME
1130,Fathima,Hacker,service,6,MICRO
1131,Chandu,Webdeveloper,Account,1,BIZRUNTIME
1132,Fathima,Hacker,service,6,MICRO
1133,Chandu,Webdeveloper,Account,1,BIZRUNTIME
1134,Deepu,Networkengineer,Finance,2,HP
1135,Chandu,Webdeveloper,Account,1,BIZRUNTIME
1136,Deepika,Tester,Marketing,4,TCS
1137,Chandu,Webdeveloper,Account,1,BIZRUNTIME
1138,Fathima,Hacker,service,6,MICRO
1139,Chandu,Webdeveloper,Account,1,BIZRUNTIME
1140,Deepu,Networkengineer,Finance,2,HP
1141,Chandu,Webdeveloper,Account,1,BIZRUNTIME
1142,Fathima,Hacker,service,6,MICRO
1143,Chandu,Webdeveloper,Account,1,BIZRUNTIME
1144,Fathima,Hacker,service,6,MICRO
1145,Chandu,Webdeveloper,Account,1,BIZRUNTIME
1146,Deepu,Networkengineer,Finance,2,HP
1147,Chandu,Webdeveloper,Account,1,BIZRUNTIME
1148,Fathima,Hacker,service,6,MICRO
1149,Chandu,Webdeveloper,Account,1,BIZRUNTIME
1150,Fathima,Hacker,service,6,MICRO
1151,Chandu,Webdeveloper,Account,1,BIZRUNTIME
1152,Deepu,Networkengineer,Finance,2,HP
1153,Chandu,Webdeveloper,Account,1,BIZRUNTIME
1154,Fathima,Hacker,service,6,MICRO
1155,Chandu,Webdeveloper,Account,1,BIZRUNTIME
1156,Deepika,Tester,Marketing,4,TCS
1157,Chandu,Webdeveloper,Account,1,BIZRUNTIME
1158,Deepu,Networkengineer,Finance,2,HP
1159,Chandu,Webdeveloper,Account,1,BIZRUNTIME
1160,Fathima,Hacker,service,6,MICRO
1161,Chandu,Webdeveloper,Account,1,BIZRUNTIME
1162,Fathima,Hacker,service,6,MICRO
1163,Chandu,Webdeveloper,Account,1,BIZRUNTIME
1164,Deepu,Networkengineer,Finance,2,HP
1165,Chandu,Webdeveloper,Account,1,BIZRUNTIME
1166,Deepika,Tester,Marketing,4,TCS
1167,Chandu,Webdeveloper,Account,1,BIZRUNTIME
1168,Fathima,Hacker,service,6,MICRO
1169,Chandu,Webdeveloper,Account,1,BIZRUNTIME
1170,Deepu,Networkengineer,Finance,2,HP
1171,Chandu,Webdeveloper,Account,1,BIZRUNTIME
1172,Fathima,Hacker,service,6,MICRO
1173,Chandu,Webdeveloper,Account,1,BIZRUNTIME
1174,Fathima,Hacker,service,6,MICRO
1175,Chandu,Webdeveloper,Account,1,BIZRUNTIME
1176,Deepu,Networkengineer,Finance,2,HP
1177,Chandu,Webdeveloper,Account,1,BIZRUNTIME
1178,Fathima,Hacker,service,6,MICRO
1179,Chandu,Webdeveloper,Account,1,BIZRUNTIME
1180,Fathima,Hacker,service,6,MICRO
1181,Chandu,Webdeveloper,Account,1,BIZRUNTIME
1182,Deepu,Networkengineer,Finance,2,HP
1183,Chandu,Webdeveloper,Account,1,BIZRUNTIME
1184,Fathima,Hacker,service,6,MICRO
1185,Chandu,Webdeveloper,Account,1,BIZRUNTIME
1186,Deepika,Tester,Marketing,4,TCS
1187,Chandu,Webdeveloper,Account,1,BIZRUNTIME
1188,Deepu,Networkengineer,Finance,2,HP
1189,Chandu,Webdeveloper,Account,1,BIZRUNTIME
1190,Fathima,Hacker,service,6,MICRO
1191,Chandu,Webdeveloper,Account,1,BIZRUNTIME
1192,Fathima,Hacker,service,6,MICRO
1193,Chandu,Webdeveloper,Account,1,BIZRUNTIME
1194,Deepu,Networkengineer,Finance,2,HP
1195,Chandu,Webdeveloper,Account,1,BIZRUNTIME
1196,Deepika,Tester,Marketing,4,TCS
1197,Chandu,Webdeveloper,Account,1,BIZRUNTIME
1198,Fathima,Hacker,service,6,MICRO
1199,Chandu,Webdeveloper,Account,1,BIZRUNTIME
1200,Deepu,Networkengineer,Finance,2,HP
1201,Chandu,Webdeveloper,Account,1,BIZRUNTIME
1202,Fathima,Hacker,service,6,MICRO
1203,Chandu,Webdeveloper,Account,1,BIZRUNTIME
1204,Fathima,Hacker,service,6,MICRO
1205,Chandu,Webdeveloper,Account,1,BIZRUNTIME
1206,Deepu,Networkengineer,Finance,2,HP
1207,Chandu,Webdeveloper,Account,1,BIZRUNTIME
1208,Fathima,Hacker,service,6,MICRO
1209,Chandu,Webdeveloper,Account,1,BIZRUNTIME
1210,Fathima,Hacker,service,6,MICRO
1211,Chandu,Webdeveloper,Account,1,BIZRUNTIME
1212,Deepu,Networkengineer,Finance,2,HP
1213,Chandu,Webdeveloper,Account,1,BIZRUNTIME
1214,Fathima,Hacker,service,6,MICRO
1215,Chandu,Webdeveloper,Account,1,BIZRUNTIME
1216,Deepika,Tester,Marketing,4,TCS
1217,Chandu,Webdeveloper,Account,1,BIZRUNTIME
1218,Deepu,Networkengineer,Finance,2,HP
1219,Chandu,Webdeveloper,Account,1,BIZRUNTIME
1220,Fathima,Hacker,service,6,MICRO
1221,Chandu,Webdeveloper,Account,1,BIZRUNTIME
1222,Fathima,Hacker,service,6,MICRO
1223,Chandu,Webdeveloper,Account,1,BIZRUNTIME
1224,Deepu,Networkengineer,Finance,2,HP
1225,Chandu,Webdeveloper,Account,1,BIZRUNTIME
1226,Deepika,Tester,Marketing,4,TCS
1227,Chandu,Webdeveloper,Account,1,BIZRUNTIME
1228,Fathima,Hacker,service,6,MICRO
1229,Chandu,Webdeveloper,Account,1,BIZRUNTIME
1230,Deepu,Networkengineer,Finance,2,HP
1231,Chandu,Webdeveloper,Account,1,BIZRUNTIME
1232,Fathima,Hacker,service,6,MICRO
1233,Chandu,Webdeveloper,Account,1,BIZRUNTIME
1234,Fathima,Hacker,service,6,MICRO
1235,Chandu,Webdeveloper,Account,1,BIZRUNTIME
1236,Deepu,Networkengineer,Finance,2,HP
1237,Chandu,Webdeveloper,Account,1,BIZRUNTIME
1238,Fathima,Hacker,service,6,MICRO
1239,Chandu,Webdeveloper,Account,1,BIZRUNTIME
1240,Fathima,Hacker,service,6,MICRO
1241,Chandu,Webdeveloper,Account,1,BIZRUNTIME
1242,Deepu,Networkengineer,Finance,2,HP
1243,Chandu,Webdeveloper,Account,1,BIZRUNTIME
1244,Fathima,Hacker,service,6,MICRO
1245,Chandu,Webdeveloper,Account,1,BIZRUNTIME
1246,Deepika,Tester,Marketing,4,TCS
1247,Chandu,Webdeveloper,Account,1,BIZRUNTIME
1248,Deepu,Networkengineer,Finance,2,HP
1249,Chandu,Webdeveloper,Account,1,BIZRUNTIME
1250,Fathima,Hacker,service,6,MICRO
1251,Chandu,Webdeveloper,Account,1,BIZRUNTIME
1252,Fathima,Hacker,service,6,MICRO
1253,Chandu,Webdeveloper,Account,1,BIZRUNTIME
1254,Deepu,Networkengineer,Finance,2,HP
1255,Chandu,Webdeveloper,Account,1,BIZRUNTIME
1256,Deepika,Tester,Marketing,4,TCS
1257,Chandu,Webdeveloper,Account,1,BIZRUNTIME
1258,Fathima,Hacker,service,6,MICRO
1259,Chandu,Webdeveloper,Account,1,BIZRUNTIME
1260,Deepu,Networkengineer,Finance,2,HP
1261,Chandu,Webdeveloper,Account,1,BIZRUNTIME
1262,Fathima,Hacker,service,6,MICRO
1263,Chandu,Webdeveloper,Account,1,BIZRUNTIME
1264,Fathima,Hacker,service,6,MICRO
1265,Chandu,Webdeveloper,Account,1,BIZRUNTIME
1266,Deepu,Networkengineer,Finance,2,HP
1267,Chandu,Webdeveloper,Account,1,BIZRUNTIME
1268,Fathima,Hacker,service,6,MICRO
1269,Chandu,Webdeveloper,Account,1,BIZRUNTIME
1270,Fathima,Hacker,service,6,MICRO
1271,Chandu,Webdeveloper,Account,1,BIZRUNTIME
1272,Deepu,Networkengineer,Finance,2,HP
1273,Chandu,Webdeveloper,Account,1,BIZRUNTIME
1274,Fathima,Hacker,service,6,MICRO
1275,Chandu,Webdeveloper,Account,1,BIZRUNTIME
1276,Deepika,Tester,Marketing,4,TCS
1277,Chandu,Webdeveloper,Account,1,BIZRUNTIME
1278,Deepu,Networkengineer,Finance,2,HP
1279,Chandu,Webdeveloper,Account,1,BIZRUNTIME
1280,Fathima,Hacker,service,6,MICRO
1281,Chandu,Webdeveloper,Account,1,BIZRUNTIME
1282,Fathima,Hacker,service,6,MICRO
1283,Chandu,Webdeveloper,Account,1,BIZRUNTIME
1284,Deepu,Networkengineer,Finance,2,HP
1285,Chandu,Webdeveloper,Account,1,BIZRUNTIME
1286,Deepika,Tester,Marketing,4,TCS
1287,Chandu,Webdeveloper,Account,1,BIZRUNTIME
1288,Fathima,Hacker,service,6,MICRO
1289,Chandu,Webdeveloper,Account,1,BIZRUNTIME
1290,Deepu,Networkengineer,Finance,2,HP
1291,Chandu,Webdeveloper,Account,1,BIZRUNTIME
1292,Fathima,Hacker,service,6,MICRO
1293,Chandu,Webdeveloper,Account,1,BIZRUNTIME
1294,Fathima,Hacker,service,6,MICRO
1295,Chandu,Webdeveloper,Account,1,BIZRUNTIME
1296,Deepu,Networkengineer,Finance,2,HP
1297,Chandu,Webdeveloper,Account,1,BIZRUNTIME
1298,Fathima,Hacker,service,6,MICRO
1299,Chandu,Webdeveloper,Account,1,BIZRUNTIME
1300,Fathima,Hacker,service,6,MICRO
1301,Fathima,Hacker,service,6,MICRO
1302,Chandu,Webdeveloper,Account,1,BIZRUNTIME
1303,Deepu,Networkengineer,Finance,2,HP
1304,Chandu,Webdeveloper,Account,1,BIZRUNTIME
1305,Deepika,Tester,Marketing,4,TCS
1306,Chandu,Webdeveloper,Account,1,BIZRUNTIME
1307,Fathima,Hacker,service,6,MICRO
1308,Chandu,Webdeveloper,Account,1,BIZRUNTIME
1309,Deepu,Networkengineer,Finance,2,HP
1310,Chandu,Webdeveloper,Account,1,BIZRUNTIME
1311,Fathima,Hacker,service,6,MICRO
1312,Chandu,Webdeveloper,Account,1,BIZRUNTIME
1313,Fathima,Hacker,service,6,MICRO
1314,Chandu,Webdeveloper,Account,1,BIZRUNTIME
1315,Deepu,Networkengineer,Finance,2,HP
1316,Chandu,Webdeveloper,Account,1,BIZRUNTIME
1317,Fathima,Hacker,service,6,MICRO
1318,Chandu,Webdeveloper,Account,1,BIZRUNTIME
1319,Fathima,Hacker,service,6,MICRO
1320,Chandu,Webdeveloper,Account,1,BIZRUNTIME
1321,Deepu,Networkengineer,Finance,2,HP
1322,Chandu,Webdeveloper,Account,1,BIZRUNTIME
1323,Fathima,Hacker,service,6,MICRO
1324,Chandu,Webdeveloper,Account,1,BIZRUNTIME
1325,Deepika,Tester,Marketing,4,TCS
1326,Chandu,Webdeveloper,Account,1,BIZRUNTIME
1327,Deepu,Networkengineer,Finance,2,HP
1328,Chandu,Webdeveloper,Account,1,BIZRUNTIME
1329,Fathima,Hacker,service,6,MICRO
1330,Chandu,Webdeveloper,Account,1,BIZRUNTIME
1331,Fathima,Hacker,service,6,MICRO
1332,Chandu,Webdeveloper,Account,1,BIZRUNTIME
1333,Deepu,Networkengineer,Finance,2,HP
1334,Chandu,Webdeveloper,Account,1,BIZRUNTIME
1335,Deepika,Tester,Marketing,4,TCS
1336,Chandu,Webdeveloper,Account,1,BIZRUNTIME
1337,Fathima,Hacker,service,6,MICRO
1338,Chandu,Webdeveloper,Account,1,BIZRUNTIME
1339,Deepu,Networkengineer,Finance,2,HP
1340,Chandu,Webdeveloper,Account,1,BIZRUNTIME
1341,Fathima,Hacker,service,6,MICRO
1342,Chandu,Webdeveloper,Account,1,BIZRUNTIME
1343,Fathima,Hacker,service,6,MICRO
1344,Chandu,Webdeveloper,Account,1,BIZRUNTIME
1345,Deepu,Networkengineer,Finance,2,HP
1346,Chandu,Webdeveloper,Account,1,BIZRUNTIME
1347,Fathima,Hacker,service,6,MICRO
1348,Chandu,Webdeveloper,Account,1,BIZRUNTIME
1349,Fathima,Hacker,service,6,MICRO
1350,Chandu,Webdeveloper,Account,1,BIZRUNTIME
1351,Deepu,Networkengineer,Finance,2,HP
1352,Chandu,Webdeveloper,Account,1,BIZRUNTIME
1353,Fathima,Hacker,service,6,MICRO
1354,Chandu,Webdeveloper,Account,1,BIZRUNTIME
1355,Deepika,Tester,Marketing,4,TCS
1356,Chandu,Webdeveloper,Account,1,BIZRUNTIME
1357,Deepu,Networkengineer,Finance,2,HP
1358,Chandu,Webdeveloper,Account,1,BIZRUNTIME
1359,Fathima,Hacker,service,6,MICRO
1360,Chandu,Webdeveloper,Account,1,BIZRUNTIME
1361,Fathima,Hacker,service,6,MICRO
1362,Chandu,Webdeveloper,Account,1,BIZRUNTIME
1363,Deepu,Networkengineer,Finance,2,HP
1364,Chandu,Webdeveloper,Account,1,BIZRUNTIME
1365,Deepika,Tester,Marketing,4,TCS
1366,Chandu,Webdeveloper,Account,1,BIZRUNTIME
1367,Fathima,Hacker,service,6,MICRO
1368,Chandu,Webdeveloper,Account,1,BIZRUNTIME
1369,Deepu,Networkengineer,Finance,2,HP
1370,Chandu,Webdeveloper,Account,1,BIZRUNTIME
1371,Fathima,Hacker,service,6,MICRO
1372,Chandu,Webdeveloper,Account,1,BIZRUNTIME
1373,Fathima,Hacker,service,6,MICRO
1374,Chandu,Webdeveloper,Account,1,BIZRUNTIME
1375,Deepu,Networkengineer,Finance,2,HP
1376,Chandu,Webdeveloper,Account,1,BIZRUNTIME
1377,Fathima,Hacker,service,6,MICRO
1378,Chandu,Webdeveloper,Account,1,BIZRUNTIME
1379,Fathima,Hacker,service,6,MICRO
1380,Chandu,Webdeveloper,Account,1,BIZRUNTIME
1381,Deepu,Networkengineer,Finance,2,HP
1382,Chandu,Webdeveloper,Account,1,BIZRUNTIME
1383,Fathima,Hacker,service,6,MICRO
1384,Chandu,Webdeveloper,Account,1,BIZRUNTIME
1385,Deepika,Tester,Marketing,4,TCS
1386,Chandu,Webdeveloper,Account,1,BIZRUNTIME
1387,Deepu,Networkengineer,Finance,2,HP
1388,Chandu,Webdeveloper,Account,1,BIZRUNTIME
1389,Fathima,Hacker,service,6,MICRO
1390,Chandu,Webdeveloper,Account,1,BIZRUNTIME
1391,Fathima,Hacker,service,6,MICRO
1392,Chandu,Webdeveloper,Account,1,BIZRUNTIME
1393,Deepu,Networkengineer,Finance,2,HP
1394,Chandu,Webdeveloper,Account,1,BIZRUNTIME
1395,Deepika,Tester,Marketing,4,TCS
1396,Chandu,Webdeveloper,Account,1,BIZRUNTIME
1397,Fathima,Hacker,service,6,MICRO
1398,Chandu,Webdeveloper,Account,1,BIZRUNTIME
1399,Deepu,Networkengineer,Finance,2,HP
1400,Chandu,Webdeveloper,Account,1,BIZRUNTIME
1401,Fathima,Hacker,service,6,MICRO
1402,Chandu,Webdeveloper,Account,1,BIZRUNTIME
1403,Fathima,Hacker,service,6,MICRO
1404,Chandu,Webdeveloper,Account,1,BIZRUNTIME
1405,Deepu,Networkengineer,Finance,2,HP
1406,Chandu,Webdeveloper,Account,1,BIZRUNTIME
1407,Fathima,Hacker,service,6,MICRO
1408,Chandu,Webdeveloper,Account,1,BIZRUNTIME
1409,Fathima,Hacker,service,6,MICRO
1410,Chandu,Webdeveloper,Account,1,BIZRUNTIME
1411,Deepu,Networkengineer,Finance,2,HP
1412,Chandu,Webdeveloper,Account,1,BIZRUNTIME
1413,Fathima,Hacker,service,6,MICRO
1414,Chandu,Webdeveloper,Account,1,BIZRUNTIME
1415,Deepika,Tester,Marketing,4,TCS
1416,Chandu,Webdeveloper,Account,1,BIZRUNTIME
1417,Deepu,Networkengineer,Finance,2,HP
1418,Chandu,Webdeveloper,Account,1,BIZRUNTIME
1419,Fathima,Hacker,service,6,MICRO
1420,Chandu,Webdeveloper,Account,1,BIZRUNTIME
1421,Fathima,Hacker,service,6,MICRO
1422,Chandu,Webdeveloper,Account,1,BIZRUNTIME
1423,Deepu,Networkengineer,Finance,2,HP
1424,Chandu,Webdeveloper,Account,1,BIZRUNTIME
1425,Deepika,Tester,Marketing,4,TCS
1426,Chandu,Webdeveloper,Account,1,BIZRUNTIME
1427,Fathima,Hacker,service,6,MICRO
1428,Chandu,Webdeveloper,Account,1,BIZRUNTIME
1429,Deepu,Networkengineer,Finance,2,HP
1430,Chandu,Webdeveloper,Account,1,BIZRUNTIME
1431,Fathima,Hacker,service,6,MICRO
1432,Chandu,Webdeveloper,Account,1,BIZRUNTIME
1433,Fathima,Hacker,service,6,MICRO
1434,Chandu,Webdeveloper,Account,1,BIZRUNTIME
1435,Deepu,Networkengineer,Finance,2,HP
1436,Chandu,Webdeveloper,Account,1,BIZRUNTIME
1437,Fathima,Hacker,service,6,MICRO
1438,Chandu,Webdeveloper,Account,1,BIZRUNTIME
1439,Fathima,Hacker,service,6,MICRO
1440,Chandu,Webdeveloper,Account,1,BIZRUNTIME
1441,Deepu,Networkengineer,Finance,2,HP
1442,Chandu,Webdeveloper,Account,1,BIZRUNTIME
1443,Fathima,Hacker,service,6,MICRO
1444,Chandu,Webdeveloper,Account,1,BIZRUNTIME
1445,Deepika,Tester,Marketing,4,TCS
1446,Chandu,Webdeveloper,Account,1,BIZRUNTIME
1447,Deepu,Networkengineer,Finance,2,HP
1448,Chandu,Webdeveloper,Account,1,BIZRUNTIME
1449,Fathima,Hacker,service,6,MICRO
1450,Chandu,Webdeveloper,Account,1,BIZRUNTIME
1451,Fathima,Hacker,service,6,MICRO
1452,Chandu,Webdeveloper,Account,1,BIZRUNTIME
1453,Deepu,Networkengineer,Finance,2,HP
1454,Chandu,Webdeveloper,Account,1,BIZRUNTIME
1455,Deepika,Tester,Marketing,4,TCS
1456,Chandu,Webdeveloper,Account,1,BIZRUNTIME
1457,Fathima,Hacker,service,6,MICRO
1458,Chandu,Webdeveloper,Account,1,BIZRUNTIME
1459,Deepu,Networkengineer,Finance,2,HP
1460,Chandu,Webdeveloper,Account,1,BIZRUNTIME
1461,Fathima,Hacker,service,6,MICRO
1462,Chandu,Webdeveloper,Account,1,BIZRUNTIME
1463,Fathima,Hacker,service,6,MICRO
1464,Chandu,Webdeveloper,Account,1,BIZRUNTIME
1465,Deepu,Networkengineer,Finance,2,HP
1466,Chandu,Webdeveloper,Account,1,BIZRUNTIME
1467,Fathima,Hacker,service,6,MICRO
1468,Chandu,Webdeveloper,Account,1,BIZRUNTIME
1469,Fathima,Hacker,service,6,MICRO
1470,Chandu,Webdeveloper,Account,1,BIZRUNTIME
1471,Deepu,Networkengineer,Finance,2,HP
1472,Chandu,Webdeveloper,Account,1,BIZRUNTIME
1473,Fathima,Hacker,service,6,MICRO
1474,Chandu,Webdeveloper,Account,1,BIZRUNTIME
1475,Deepika,Tester,Marketing,4,TCS
1476,Chandu,Webdeveloper,Account,1,BIZRUNTIME
1477,Deepu,Networkengineer,Finance,2,HP
1478,Chandu,Webdeveloper,Account,1,BIZRUNTIME
1479,Fathima,Hacker,service,6,MICRO
1480,Chandu,Webdeveloper,Account,1,BIZRUNTIME
1481,Fathima,Hacker,service,6,MICRO
1482,Chandu,Webdeveloper,Account,1,BIZRUNTIME
1483,Deepu,Networkengineer,Finance,2,HP
1484,Chandu,Webdeveloper,Account,1,BIZRUNTIME
1485,Deepika,Tester,Marketing,4,TCS
1486,Chandu,Webdeveloper,Account,1,BIZRUNTIME
1487,Fathima,Hacker,service,6,MICRO
1488,Chandu,Webdeveloper,Account,1,BIZRUNTIME
1489,Deepu,Networkengineer,Finance,2,HP
1490,Chandu,Webdeveloper,Account,1,BIZRUNTIME
1491,Fathima,Hacker,service,6,MICRO
1492,Chandu,Webdeveloper,Account,1,BIZRUNTIME
1493,Fathima,Hacker,service,6,MICRO
1494,Chandu,Webdeveloper,Account,1,BIZRUNTIME
1495,Deepu,Networkengineer,Finance,2,HP
1496,Chandu,Webdeveloper,Account,1,BIZRUNTIME
1497,Fathima,Hacker,service,6,MICRO
1498,Chandu,Webdeveloper,Account,1,BIZRUNTIME
1499,Fathima,Hacker,service,6,MICRO
empid,empname, design,dept,compid,compname
505,Fathima,Hacker,service,6,MICRO
506,Chandu,Webdeveloper,Account,1,BIZRUNTIME
507,Deepu,Networkengineer,Finance,2,HP
508,Chandu,Webdeveloper,Account,1,BIZRUNTIME
509,Deepika,Tester,Marketing,4,TCS
510,Chandu,Webdeveloper,Account,1,BIZRUNTIME
511,Fathima,Hacker,service,6,MICRO
512,Chandu,Webdeveloper,Account,1,BIZRUNTIME
513,Deepu,Networkengineer,Finance,2,HP
514,Chandu,Webdeveloper,Account,1,BIZRUNTIME
515,Fathima,Hacker,service,6,MICRO
516,Chandu,Webdeveloper,Account,1,BIZRUNTIME
517,Fathima,Hacker,service,6,MICRO
518,Chandu,Webdeveloper,Account,1,BIZRUNTIME
519,Deepu,Networkengineer,Finance,2,HP
520,Chandu,Webdeveloper,Account,1,BIZRUNTIME
521,Fathima,Hacker,service,6,MICRO
522,Chandu,Webdeveloper,Account,1,BIZRUNTIME
523,Fathima,Hacker,service,6,MICRO
524,Chandu,Webdeveloper,Account,1,BIZRUNTIME
525,Deepu,Networkengineer,Finance,2,HP
526,Chandu,Webdeveloper,Account,1,BIZRUNTIME
527,Fathima,Hacker,service,6,MICRO
528,Chandu,Webdeveloper,Account,1,BIZRUNTIME
529,Deepika,Tester,Marketing,4,TCS
530,Chandu,Webdeveloper,Account,1,BIZRUNTIME
531,Deepu,Networkengineer,Finance,2,HP
532,Chandu,Webdeveloper,Account,1,BIZRUNTIME
533,Fathima,Hacker,service,6,MICRO
534,Chandu,Webdeveloper,Account,1,BIZRUNTIME
535,Fathima,Hacker,service,6,MICRO
536,Chandu,Webdeveloper,Account,1,BIZRUNTIME
537,Deepu,Networkengineer,Finance,2,HP
538,Chandu,Webdeveloper,Account,1,BIZRUNTIME
539,Deepika,Tester,Marketing,4,TCS
540,Chandu,Webdeveloper,Account,1,BIZRUNTIME
541,Fathima,Hacker,service,6,MICRO
542,Chandu,Webdeveloper,Account,1,BIZRUNTIME
543,Deepu,Networkengineer,Finance,2,HP
544,Chandu,Webdeveloper,Account,1,BIZRUNTIME
545,Fathima,Hacker,service,6,MICRO
546,Chandu,Webdeveloper,Account,1,BIZRUNTIME
547,Fathima,Hacker,service,6,MICRO
548,Chandu,Webdeveloper,Account,1,BIZRUNTIME
549,Deepu,Networkengineer,Finance,2,HP
550,Chandu,Webdeveloper,Account,1,BIZRUNTIME
551,Fathima,Hacker,service,6,MICRO
552,Chandu,Webdeveloper,Account,1,BIZRUNTIME
553,Fathima,Hacker,service,6,MICRO
554,Chandu,Webdeveloper,Account,1,BIZRUNTIME
555,Deepu,Networkengineer,Finance,2,HP
556,Chandu,Webdeveloper,Account,1,BIZRUNTIME
557,Fathima,Hacker,service,6,MICRO
558,Chandu,Webdeveloper,Account,1,BIZRUNTIME
559,Deepika,Tester,Marketing,4,TCS
560,Chandu,Webdeveloper,Account,1,BIZRUNTIME
561,Deepu,Networkengineer,Finance,2,HP
562,Chandu,Webdeveloper,Account,1,BIZRUNTIME
563,Fathima,Hacker,service,6,MICRO
564,Chandu,Webdeveloper,Account,1,BIZRUNTIME
565,Fathima,Hacker,service,6,MICRO
566,Chandu,Webdeveloper,Account,1,BIZRUNTIME
567,Deepu,Networkengineer,Finance,2,HP
568,Chandu,Webdeveloper,Account,1,BIZRUNTIME
569,Deepika,Tester,Marketing,4,TCS
570,Chandu,Webdeveloper,Account,1,BIZRUNTIME
571,Fathima,Hacker,service,6,MICRO
572,Chandu,Webdeveloper,Account,1,BIZRUNTIME
573,Deepu,Networkengineer,Finance,2,HP
574,Chandu,Webdeveloper,Account,1,BIZRUNTIME
575,Fathima,Hacker,service,6,MICRO
576,Chandu,Webdeveloper,Account,1,BIZRUNTIME
577,Fathima,Hacker,service,6,MICRO
578,Chandu,Webdeveloper,Account,1,BIZRUNTIME
579,Deepu,Networkengineer,Finance,2,HP
580,Chandu,Webdeveloper,Account,1,BIZRUNTIME
581,Fathima,Hacker,service,6,MICRO
582,Chandu,Webdeveloper,Account,1,BIZRUNTIME
583,Fathima,Hacker,service,6,MICRO
584,Chandu,Webdeveloper,Account,1,BIZRUNTIME
585,Deepu,Networkengineer,Finance,2,HP
586,Chandu,Webdeveloper,Account,1,BIZRUNTIME
587,Fathima,Hacker,service,6,MICRO
588,Chandu,Webdeveloper,Account,1,BIZRUNTIME
589,Deepika,Tester,Marketing,4,TCS
590,Chandu,Webdeveloper,Account,1,BIZRUNTIME
591,Deepu,Networkengineer,Finance,2,HP
592,Chandu,Webdeveloper,Account,1,BIZRUNTIME
593,Fathima,Hacker,service,6,MICRO
594,Chandu,Webdeveloper,Account,1,BIZRUNTIME
595,Fathima,Hacker,service,6,MICRO
596,Chandu,Webdeveloper,Account,1,BIZRUNTIME
597,Deepu,Networkengineer,Finance,2,HP
598,Chandu,Webdeveloper,Account,1,BIZRUNTIME
599,Deepika,Tester,Marketing,4,TCS
600,Chandu,Webdeveloper,Account,1,BIZRUNTIME
601,Fathima,Hacker,service,6,MICRO
602,Chandu,Webdeveloper,Account,1,BIZRUNTIME
603,Deepu,Networkengineer,Finance,2,HP
604,Chandu,Webdeveloper,Account,1,BIZRUNTIME
605,Fathima,Hacker,service,6,MICRO
606,Chandu,Webdeveloper,Account,1,BIZRUNTIME
607,Fathima,Hacker,service,6,MICRO
608,Chandu,Webdeveloper,Account,1,BIZRUNTIME
609,Deepu,Networkengineer,Finance,2,HP
610,Chandu,Webdeveloper,Account,1,BIZRUNTIME
611,Fathima,Hacker,service,6,MICRO
612,Chandu,Webdeveloper,Account,1,BIZRUNTIME
613,Fathima,Hacker,service,6,MICRO
614,Chandu,Webdeveloper,Account,1,BIZRUNTIME
615,Deepu,Networkengineer,Finance,2,HP
616,Chandu,Webdeveloper,Account,1,BIZRUNTIME
617,Fathima,Hacker,service,6,MICRO
618,Chandu,Webdeveloper,Account,1,BIZRUNTIME
619,Deepika,Tester,Marketing,4,TCS
620,Chandu,Webdeveloper,Account,1,BIZRUNTIME
621,Deepu,Networkengineer,Finance,2,HP
622,Chandu,Webdeveloper,Account,1,BIZRUNTIME
623,Fathima,Hacker,service,6,MICRO
624,Chandu,Webdeveloper,Account,1,BIZRUNTIME
625,Fathima,Hacker,service,6,MICRO
626,Chandu,Webdeveloper,Account,1,BIZRUNTIME
627,Deepu,Networkengineer,Finance,2,HP
628,Chandu,Webdeveloper,Account,1,BIZRUNTIME
629,Deepika,Tester,Marketing,4,TCS
630,Chandu,Webdeveloper,Account,1,BIZRUNTIME
631,Fathima,Hacker,service,6,MICRO
632,Chandu,Webdeveloper,Account,1,BIZRUNTIME
633,Deepu,Networkengineer,Finance,2,HP
634,Chandu,Webdeveloper,Account,1,BIZRUNTIME
635,Fathima,Hacker,service,6,MICRO
636,Chandu,Webdeveloper,Account,1,BIZRUNTIME
637,Fathima,Hacker,service,6,MICRO
638,Chandu,Webdeveloper,Account,1,BIZRUNTIME
639,Deepu,Networkengineer,Finance,2,HP
640,Chandu,Webdeveloper,Account,1,BIZRUNTIME
641,Fathima,Hacker,service,6,MICRO
642,Chandu,Webdeveloper,Account,1,BIZRUNTIME
643,Fathima,Hacker,service,6,MICRO
644,Chandu,Webdeveloper,Account,1,BIZRUNTIME
645,Deepu,Networkengineer,Finance,2,HP
646,Chandu,Webdeveloper,Account,1,BIZRUNTIME
647,Fathima,Hacker,service,6,MICRO
648,Chandu,Webdeveloper,Account,1,BIZRUNTIME
649,Deepika,Tester,Marketing,4,TCS
650,Chandu,Webdeveloper,Account,1,BIZRUNTIME
651,Deepu,Networkengineer,Finance,2,HP
652,Chandu,Webdeveloper,Account,1,BIZRUNTIME
653,Fathima,Hacker,service,6,MICRO
654,Chandu,Webdeveloper,Account,1,BIZRUNTIME
655,Fathima,Hacker,service,6,MICRO
656,Chandu,Webdeveloper,Account,1,BIZRUNTIME
657,Deepu,Networkengineer,Finance,2,HP
658,Chandu,Webdeveloper,Account,1,BIZRUNTIME
659,Deepika,Tester,Marketing,4,TCS
660,Chandu,Webdeveloper,Account,1,BIZRUNTIME
661,Fathima,Hacker,service,6,MICRO
662,Chandu,Webdeveloper,Account,1,BIZRUNTIME
663,Deepu,Networkengineer,Finance,2,HP
664,Chandu,Webdeveloper,Account,1,BIZRUNTIME
665,Fathima,Hacker,service,6,MICRO
666,Chandu,Webdeveloper,Account,1,BIZRUNTIME
667,Fathima,Hacker,service,6,MICRO
668,Chandu,Webdeveloper,Account,1,BIZRUNTIME
669,Deepu,Networkengineer,Finance,2,HP
670,Chandu,Webdeveloper,Account,1,BIZRUNTIME
671,Fathima,Hacker,service,6,MICRO
672,Chandu,Webdeveloper,Account,1,BIZRUNTIME
673,Fathima,Hacker,service,6,MICRO
674,Chandu,Webdeveloper,Account,1,BIZRUNTIME
675,Deepu,Networkengineer,Finance,2,HP
676,Chandu,Webdeveloper,Account,1,BIZRUNTIME
677,Fathima,Hacker,service,6,MICRO
678,Chandu,Webdeveloper,Account,1,BIZRUNTIME
679,Deepika,Tester,Marketing,4,TCS
680,Chandu,Webdeveloper,Account,1,BIZRUNTIME
681,Deepu,Networkengineer,Finance,2,HP
682,Chandu,Webdeveloper,Account,1,BIZRUNTIME
683,Fathima,Hacker,service,6,MICRO
684,Chandu,Webdeveloper,Account,1,BIZRUNTIME
685,Fathima,Hacker,service,6,MICRO
686,Chandu,Webdeveloper,Account,1,BIZRUNTIME
687,Deepu,Networkengineer,Finance,2,HP
688,Chandu,Webdeveloper,Account,1,BIZRUNTIME
689,Deepika,Tester,Marketing,4,TCS
690,Chandu,Webdeveloper,Account,1,BIZRUNTIME
691,Fathima,Hacker,service,6,MICRO
692,Chandu,Webdeveloper,Account,1,BIZRUNTIME
693,Deepu,Networkengineer,Finance,2,HP
694,Chandu,Webdeveloper,Account,1,BIZRUNTIME
695,Fathima,Hacker,service,6,MICRO
696,Chandu,Webdeveloper,Account,1,BIZRUNTIME
697,Fathima,Hacker,service,6,MICRO
698,Chandu,Webdeveloper,Account,1,BIZRUNTIME
699,Deepu,Networkengineer,Finance,2,HP
700,Chandu,Webdeveloper,Account,1,BIZRUNTIME
701,Fathima,Hacker,service,6,MICRO
702,Chandu,Webdeveloper,Account,1,BIZRUNTIME
703,Fathima,Hacker,service,6,MICRO
704,Fathima,Hacker,service,6,MICRO
705,Chandu,Webdeveloper,Account,1,BIZRUNTIME
706,Deepu,Networkengineer,Finance,2,HP
707,Chandu,Webdeveloper,Account,1,BIZRUNTIME
708,Deepika,Tester,Marketing,4,TCS
709,Chandu,Webdeveloper,Account,1,BIZRUNTIME
710,Fathima,Hacker,service,6,MICRO
711,Chandu,Webdeveloper,Account,1,BIZRUNTIME
712,Deepu,Networkengineer,Finance,2,HP
713,Chandu,Webdeveloper,Account,1,BIZRUNTIME
714,Fathima,Hacker,service,6,MICRO
715,Chandu,Webdeveloper,Account,1,BIZRUNTIME
716,Fathima,Hacker,service,6,MICRO
717,Chandu,Webdeveloper,Account,1,BIZRUNTIME
718,Deepu,Networkengineer,Finance,2,HP
719,Chandu,Webdeveloper,Account,1,BIZRUNTIME
720,Fathima,Hacker,service,6,MICRO
721,Chandu,Webdeveloper,Account,1,BIZRUNTIME
722,Fathima,Hacker,service,6,MICRO
723,Chandu,Webdeveloper,Account,1,BIZRUNTIME
724,Deepu,Networkengineer,Finance,2,HP
725,Chandu,Webdeveloper,Account,1,BIZRUNTIME
726,Fathima,Hacker,service,6,MICRO
727,Chandu,Webdeveloper,Account,1,BIZRUNTIME
728,Deepika,Tester,Marketing,4,TCS
729,Chandu,Webdeveloper,Account,1,BIZRUNTIME
730,Deepu,Networkengineer,Finance,2,HP
731,Chandu,Webdeveloper,Account,1,BIZRUNTIME
732,Fathima,Hacker,service,6,MICRO
733,Chandu,Webdeveloper,Account,1,BIZRUNTIME
734,Fathima,Hacker,service,6,MICRO
735,Chandu,Webdeveloper,Account,1,BIZRUNTIME
736,Deepu,Networkengineer,Finance,2,HP
737,Chandu,Webdeveloper,Account,1,BIZRUNTIME
738,Deepika,Tester,Marketing,4,TCS
739,Chandu,Webdeveloper,Account,1,BIZRUNTIME
740,Fathima,Hacker,service,6,MICRO
741,Chandu,Webdeveloper,Account,1,BIZRUNTIME
742,Deepu,Networkengineer,Finance,2,HP
743,Chandu,Webdeveloper,Account,1,BIZRUNTIME
744,Fathima,Hacker,service,6,MICRO
745,Chandu,Webdeveloper,Account,1,BIZRUNTIME
746,Fathima,Hacker,service,6,MICRO
747,Chandu,Webdeveloper,Account,1,BIZRUNTIME
748,Deepu,Networkengineer,Finance,2,HP
749,Chandu,Webdeveloper,Account,1,BIZRUNTIME
750,Fathima,Hacker,service,6,MICRO
751,Chandu,Webdeveloper,Account,1,BIZRUNTIME
752,Fathima,Hacker,service,6,MICRO
753,Chandu,Webdeveloper,Account,1,BIZRUNTIME
754,Deepu,Networkengineer,Finance,2,HP
755,Chandu,Webdeveloper,Account,1,BIZRUNTIME
756,Fathima,Hacker,service,6,MICRO
757,Chandu,Webdeveloper,Account,1,BIZRUNTIME
758,Deepika,Tester,Marketing,4,TCS
759,Chandu,Webdeveloper,Account,1,BIZRUNTIME
760,Deepu,Networkengineer,Finance,2,HP
761,Chandu,Webdeveloper,Account,1,BIZRUNTIME
762,Fathima,Hacker,service,6,MICRO
763,Chandu,Webdeveloper,Account,1,BIZRUNTIME
764,Fathima,Hacker,service,6,MICRO
765,Chandu,Webdeveloper,Account,1,BIZRUNTIME
766,Deepu,Networkengineer,Finance,2,HP
767,Chandu,Webdeveloper,Account,1,BIZRUNTIME
768,Deepika,Tester,Marketing,4,TCS
769,Chandu,Webdeveloper,Account,1,BIZRUNTIME
770,Fathima,Hacker,service,6,MICRO
771,Chandu,Webdeveloper,Account,1,BIZRUNTIME
772,Deepu,Networkengineer,Finance,2,HP
773,Chandu,Webdeveloper,Account,1,BIZRUNTIME
774,Fathima,Hacker,service,6,MICRO
775,Chandu,Webdeveloper,Account,1,BIZRUNTIME
776,Fathima,Hacker,service,6,MICRO
777,Chandu,Webdeveloper,Account,1,BIZRUNTIME
778,Deepu,Networkengineer,Finance,2,HP
779,Chandu,Webdeveloper,Account,1,BIZRUNTIME
780,Fathima,Hacker,service,6,MICRO
781,Chandu,Webdeveloper,Account,1,BIZRUNTIME
782,Fathima,Hacker,service,6,MICRO
783,Chandu,Webdeveloper,Account,1,BIZRUNTIME
784,Deepu,Networkengineer,Finance,2,HP
785,Chandu,Webdeveloper,Account,1,BIZRUNTIME
786,Fathima,Hacker,service,6,MICRO
787,Chandu,Webdeveloper,Account,1,BIZRUNTIME
788,Deepika,Tester,Marketing,4,TCS
789,Chandu,Webdeveloper,Account,1,BIZRUNTIME
790,Deepu,Networkengineer,Finance,2,HP
791,Chandu,Webdeveloper,Account,1,BIZRUNTIME
792,Fathima,Hacker,service,6,MICRO
793,Chandu,Webdeveloper,Account,1,BIZRUNTIME
794,Fathima,Hacker,service,6,MICRO
795,Chandu,Webdeveloper,Account,1,BIZRUNTIME
796,Deepu,Networkengineer,Finance,2,HP
797,Chandu,Webdeveloper,Account,1,BIZRUNTIME
798,Deepika,Tester,Marketing,4,TCS
799,Chandu,Webdeveloper,Account,1,BIZRUNTIME
800,Fathima,Hacker,service,6,MICRO
801,Chandu,Webdeveloper,Account,1,BIZRUNTIME
802,Deepu,Networkengineer,Finance,2,HP
803,Chandu,Webdeveloper,Account,1,BIZRUNTIME
804,Fathima,Hacker,service,6,MICRO
805,Chandu,Webdeveloper,Account,1,BIZRUNTIME
806,Fathima,Hacker,service,6,MICRO
807,Chandu,Webdeveloper,Account,1,BIZRUNTIME
808,Deepu,Networkengineer,Finance,2,HP
809,Chandu,Webdeveloper,Account,1,BIZRUNTIME
810,Fathima,Hacker,service,6,MICRO
811,Chandu,Webdeveloper,Account,1,BIZRUNTIME
812,Fathima,Hacker,service,6,MICRO
813,Chandu,Webdeveloper,Account,1,BIZRUNTIME
814,Deepu,Networkengineer,Finance,2,HP
815,Chandu,Webdeveloper,Account,1,BIZRUNTIME
816,Fathima,Hacker,service,6,MICRO
817,Chandu,Webdeveloper,Account,1,BIZRUNTIME
818,Deepika,Tester,Marketing,4,TCS
819,Chandu,Webdeveloper,Account,1,BIZRUNTIME
820,Deepu,Networkengineer,Finance,2,HP
821,Chandu,Webdeveloper,Account,1,BIZRUNTIME
822,Fathima,Hacker,service,6,MICRO
823,Chandu,Webdeveloper,Account,1,BIZRUNTIME
824,Fathima,Hacker,service,6,MICRO
825,Chandu,Webdeveloper,Account,1,BIZRUNTIME
826,Deepu,Networkengineer,Finance,2,HP
827,Chandu,Webdeveloper,Account,1,BIZRUNTIME
828,Deepika,Tester,Marketing,4,TCS
829,Chandu,Webdeveloper,Account,1,BIZRUNTIME
830,Fathima,Hacker,service,6,MICRO
831,Chandu,Webdeveloper,Account,1,BIZRUNTIME
832,Deepu,Networkengineer,Finance,2,HP
833,Chandu,Webdeveloper,Account,1,BIZRUNTIME
834,Fathima,Hacker,service,6,MICRO
835,Chandu,Webdeveloper,Account,1,BIZRUNTIME
836,Fathima,Hacker,service,6,MICRO
837,Chandu,Webdeveloper,Account,1,BIZRUNTIME
838,Deepu,Networkengineer,Finance,2,HP
839,Chandu,Webdeveloper,Account,1,BIZRUNTIME
840,Fathima,Hacker,service,6,MICRO
841,Chandu,Webdeveloper,Account,1,BIZRUNTIME
842,Fathima,Hacker,service,6,MICRO
843,Chandu,Webdeveloper,Account,1,BIZRUNTIME
844,Deepu,Networkengineer,Finance,2,HP
845,Chandu,Webdeveloper,Account,1,BIZRUNTIME
846,Fathima,Hacker,service,6,MICRO
847,Chandu,Webdeveloper,Account,1,BIZRUNTIME
848,Deepika,Tester,Marketing,4,TCS
849,Chandu,Webdeveloper,Account,1,BIZRUNTIME
850,Deepu,Networkengineer,Finance,2,HP
851,Chandu,Webdeveloper,Account,1,BIZRUNTIME
852,Fathima,Hacker,service,6,MICRO
853,Chandu,Webdeveloper,Account,1,BIZRUNTIME
854,Fathima,Hacker,service,6,MICRO
855,Chandu,Webdeveloper,Account,1,BIZRUNTIME
856,Deepu,Networkengineer,Finance,2,HP
857,Chandu,Webdeveloper,Account,1,BIZRUNTIME
858,Deepika,Tester,Marketing,4,TCS
859,Chandu,Webdeveloper,Account,1,BIZRUNTIME
860,Fathima,Hacker,service,6,MICRO
861,Chandu,Webdeveloper,Account,1,BIZRUNTIME
862,Deepu,Networkengineer,Finance,2,HP
863,Chandu,Webdeveloper,Account,1,BIZRUNTIME
864,Fathima,Hacker,service,6,MICRO
865,Chandu,Webdeveloper,Account,1,BIZRUNTIME
866,Fathima,Hacker,service,6,MICRO
867,Chandu,Webdeveloper,Account,1,BIZRUNTIME
868,Deepu,Networkengineer,Finance,2,HP
869,Chandu,Webdeveloper,Account,1,BIZRUNTIME
870,Fathima,Hacker,service,6,MICRO
871,Chandu,Webdeveloper,Account,1,BIZRUNTIME
872,Fathima,Hacker,service,6,MICRO
873,Chandu,Webdeveloper,Account,1,BIZRUNTIME
874,Deepu,Networkengineer,Finance,2,HP
875,Chandu,Webdeveloper,Account,1,BIZRUNTIME
876,Fathima,Hacker,service,6,MICRO
877,Chandu,Webdeveloper,Account,1,BIZRUNTIME
878,Deepika,Tester,Marketing,4,TCS
879,Chandu,Webdeveloper,Account,1,BIZRUNTIME
880,Deepu,Networkengineer,Finance,2,HP
881,Chandu,Webdeveloper,Account,1,BIZRUNTIME
882,Fathima,Hacker,service,6,MICRO
883,Chandu,Webdeveloper,Account,1,BIZRUNTIME
884,Fathima,Hacker,service,6,MICRO
885,Chandu,Webdeveloper,Account,1,BIZRUNTIME
886,Deepu,Networkengineer,Finance,2,HP
887,Chandu,Webdeveloper,Account,1,BIZRUNTIME
888,Deepika,Tester,Marketing,4,TCS
889,Chandu,Webdeveloper,Account,1,BIZRUNTIME
890,Fathima,Hacker,service,6,MICRO
891,Chandu,Webdeveloper,Account,1,BIZRUNTIME
892,Deepu,Networkengineer,Finance,2,HP
893,Chandu,Webdeveloper,Account,1,BIZRUNTIME
894,Fathima,Hacker,service,6,MICRO
895,Chandu,Webdeveloper,Account,1,BIZRUNTIME
896,Fathima,Hacker,service,6,MICRO
897,Chandu,Webdeveloper,Account,1,BIZRUNTIME
898,Deepu,Networkengineer,Finance,2,HP
899,Chandu,Webdeveloper,Account,1,BIZRUNTIME
900,Fathima,Hacker,service,6,MICRO
901,Chandu,Webdeveloper,Account,1,BIZRUNTIME
902,Fathima,Hacker,service,6,MICRO
903,Fathima,Hacker,service,6,MICRO
904,Chandu,Webdeveloper,Account,1,BIZRUNTIME
905,Deepu,Networkengineer,Finance,2,HP
906,Chandu,Webdeveloper,Account,1,BIZRUNTIME
907,Deepika,Tester,Marketing,4,TCS
908,Chandu,Webdeveloper,Account,1,BIZRUNTIME
909,Fathima,Hacker,service,6,MICRO
910,Chandu,Webdeveloper,Account,1,BIZRUNTIME
911,Deepu,Networkengineer,Finance,2,HP
912,Chandu,Webdeveloper,Account,1,BIZRUNTIME
913,Fathima,Hacker,service,6,MICRO
914,Chandu,Webdeveloper,Account,1,BIZRUNTIME
915,Fathima,Hacker,service,6,MICRO
916,Chandu,Webdeveloper,Account,1,BIZRUNTIME
917,Deepu,Networkengineer,Finance,2,HP
918,Chandu,Webdeveloper,Account,1,BIZRUNTIME
919,Fathima,Hacker,service,6,MICRO
920,Chandu,Webdeveloper,Account,1,BIZRUNTIME
921,Fathima,Hacker,service,6,MICRO
922,Chandu,Webdeveloper,Account,1,BIZRUNTIME
923,Deepu,Networkengineer,Finance,2,HP
924,Chandu,Webdeveloper,Account,1,BIZRUNTIME
925,Fathima,Hacker,service,6,MICRO
926,Chandu,Webdeveloper,Account,1,BIZRUNTIME
927,Deepika,Tester,Marketing,4,TCS
928,Chandu,Webdeveloper,Account,1,BIZRUNTIME
929,Deepu,Networkengineer,Finance,2,HP
930,Chandu,Webdeveloper,Account,1,BIZRUNTIME
931,Fathima,Hacker,service,6,MICRO
932,Chandu,Webdeveloper,Account,1,BIZRUNTIME
933,Fathima,Hacker,service,6,MICRO
934,Chandu,Webdeveloper,Account,1,BIZRUNTIME
935,Deepu,Networkengineer,Finance,2,HP
936,Chandu,Webdeveloper,Account,1,BIZRUNTIME
937,Deepika,Tester,Marketing,4,TCS
938,Chandu,Webdeveloper,Account,1,BIZRUNTIME
939,Fathima,Hacker,service,6,MICRO
940,Chandu,Webdeveloper,Account,1,BIZRUNTIME
941,Deepu,Networkengineer,Finance,2,HP
942,Chandu,Webdeveloper,Account,1,BIZRUNTIME
943,Fathima,Hacker,service,6,MICRO
944,Chandu,Webdeveloper,Account,1,BIZRUNTIME
945,Fathima,Hacker,service,6,MICRO
946,Chandu,Webdeveloper,Account,1,BIZRUNTIME
947,Deepu,Networkengineer,Finance,2,HP
948,Chandu,Webdeveloper,Account,1,BIZRUNTIME
949,Fathima,Hacker,service,6,MICRO
950,Chandu,Webdeveloper,Account,1,BIZRUNTIME
951,Fathima,Hacker,service,6,MICRO
952,Chandu,Webdeveloper,Account,1,BIZRUNTIME
953,Deepu,Networkengineer,Finance,2,HP
954,Chandu,Webdeveloper,Account,1,BIZRUNTIME
955,Fathima,Hacker,service,6,MICRO
956,Chandu,Webdeveloper,Account,1,BIZRUNTIME
957,Deepika,Tester,Marketing,4,TCS
958,Chandu,Webdeveloper,Account,1,BIZRUNTIME
959,Deepu,Networkengineer,Finance,2,HP
960,Chandu,Webdeveloper,Account,1,BIZRUNTIME
961,Fathima,Hacker,service,6,MICRO
962,Chandu,Webdeveloper,Account,1,BIZRUNTIME
963,Fathima,Hacker,service,6,MICRO
964,Chandu,Webdeveloper,Account,1,BIZRUNTIME
965,Deepu,Networkengineer,Finance,2,HP
966,Chandu,Webdeveloper,Account,1,BIZRUNTIME
967,Deepika,Tester,Marketing,4,TCS
968,Chandu,Webdeveloper,Account,1,BIZRUNTIME
969,Fathima,Hacker,service,6,MICRO
970,Chandu,Webdeveloper,Account,1,BIZRUNTIME
971,Deepu,Networkengineer,Finance,2,HP
972,Chandu,Webdeveloper,Account,1,BIZRUNTIME
973,Fathima,Hacker,service,6,MICRO
974,Chandu,Webdeveloper,Account,1,BIZRUNTIME
975,Fathima,Hacker,service,6,MICRO
976,Chandu,Webdeveloper,Account,1,BIZRUNTIME
977,Deepu,Networkengineer,Finance,2,HP
978,Chandu,Webdeveloper,Account,1,BIZRUNTIME
979,Fathima,Hacker,service,6,MICRO
980,Chandu,Webdeveloper,Account,1,BIZRUNTIME
981,Fathima,Hacker,service,6,MICRO
982,Chandu,Webdeveloper,Account,1,BIZRUNTIME
983,Deepu,Networkengineer,Finance,2,HP
984,Chandu,Webdeveloper,Account,1,BIZRUNTIME
985,Fathima,Hacker,service,6,MICRO
986,Chandu,Webdeveloper,Account,1,BIZRUNTIME
987,Deepika,Tester,Marketing,4,TCS
988,Chandu,Webdeveloper,Account,1,BIZRUNTIME
989,Deepu,Networkengineer,Finance,2,HP
990,Chandu,Webdeveloper,Account,1,BIZRUNTIME
991,Fathima,Hacker,service,6,MICRO
992,Chandu,Webdeveloper,Account,1,BIZRUNTIME
993,Fathima,Hacker,service,6,MICRO
994,Chandu,Webdeveloper,Account,1,BIZRUNTIME
995,Deepu,Networkengineer,Finance,2,HP
996,Chandu,Webdeveloper,Account,1,BIZRUNTIME
997,Deepika,Tester,Marketing,4,TCS
998,Chandu,Webdeveloper,Account,1,BIZRUNTIME
999,Fathima,Hacker,service,6,MICRO
1000,Chandu,Webdeveloper,Account,1,BIZRUNTIME
1001,Deepu,Networkengineer,Finance,2,HP
1002,Chandu,Webdeveloper,Account,1,BIZRUNTIME
1003,Fathima,Hacker,service,6,MICRO
1004,Chandu,Webdeveloper,Account,1,BIZRUNTIME
1005,Fathima,Hacker,service,6,MICRO
1006,Chandu,Webdeveloper,Account,1,BIZRUNTIME
1007,Deepu,Networkengineer,Finance,2,HP
1008,Chandu,Webdeveloper,Account,1,BIZRUNTIME
1009,Fathima,Hacker,service,6,MICRO
1010,Chandu,Webdeveloper,Account,1,BIZRUNTIME
1011,Fathima,Hacker,service,6,MICRO
1012,Chandu,Webdeveloper,Account,1,BIZRUNTIME
1013,Deepu,Networkengineer,Finance,2,HP
1014,Chandu,Webdeveloper,Account,1,BIZRUNTIME
1015,Fathima,Hacker,service,6,MICRO
1016,Chandu,Webdeveloper,Account,1,BIZRUNTIME
1017,Deepika,Tester,Marketing,4,TCS
1018,Chandu,Webdeveloper,Account,1,BIZRUNTIME
1019,Deepu,Networkengineer,Finance,2,HP
1020,Chandu,Webdeveloper,Account,1,BIZRUNTIME
1021,Fathima,Hacker,service,6,MICRO
1022,Chandu,Webdeveloper,Account,1,BIZRUNTIME
1023,Fathima,Hacker,service,6,MICRO
1024,Chandu,Webdeveloper,Account,1,BIZRUNTIME
1025,Deepu,Networkengineer,Finance,2,HP
1026,Chandu,Webdeveloper,Account,1,BIZRUNTIME
1027,Deepika,Tester,Marketing,4,TCS
1028,Chandu,Webdeveloper,Account,1,BIZRUNTIME
1029,Fathima,Hacker,service,6,MICRO
1030,Chandu,Webdeveloper,Account,1,BIZRUNTIME
1031,Deepu,Networkengineer,Finance,2,HP
1032,Chandu,Webdeveloper,Account,1,BIZRUNTIME
1033,Fathima,Hacker,service,6,MICRO
1034,Chandu,Webdeveloper,Account,1,BIZRUNTIME
1035,Fathima,Hacker,service,6,MICRO
1036,Chandu,Webdeveloper,Account,1,BIZRUNTIME
1037,Deepu,Networkengineer,Finance,2,HP
1038,Chandu,Webdeveloper,Account,1,BIZRUNTIME
1039,Fathima,Hacker,service,6,MICRO
1040,Chandu,Webdeveloper,Account,1,BIZRUNTIME
1041,Fathima,Hacker,service,6,MICRO
1042,Chandu,Webdeveloper,Account,1,BIZRUNTIME
1043,Deepu,Networkengineer,Finance,2,HP
1044,Chandu,Webdeveloper,Account,1,BIZRUNTIME
1045,Fathima,Hacker,service,6,MICRO
1046,Chandu,Webdeveloper,Account,1,BIZRUNTIME
1047,Deepika,Tester,Marketing,4,TCS
1048,Chandu,Webdeveloper,Account,1,BIZRUNTIME
1049,Deepu,Networkengineer,Finance,2,HP
1050,Chandu,Webdeveloper,Account,1,BIZRUNTIME
1051,Fathima,Hacker,service,6,MICRO
1052,Chandu,Webdeveloper,Account,1,BIZRUNTIME
1053,Fathima,Hacker,service,6,MICRO
1054,Chandu,Webdeveloper,Account,1,BIZRUNTIME
1055,Deepu,Networkengineer,Finance,2,HP
1056,Chandu,Webdeveloper,Account,1,BIZRUNTIME
1057,Deepika,Tester,Marketing,4,TCS
1058,Chandu,Webdeveloper,Account,1,BIZRUNTIME
1059,Fathima,Hacker,service,6,MICRO
1060,Chandu,Webdeveloper,Account,1,BIZRUNTIME
1061,Deepu,Networkengineer,Finance,2,HP
1062,Chandu,Webdeveloper,Account,1,BIZRUNTIME
1063,Fathima,Hacker,service,6,MICRO
1064,Chandu,Webdeveloper,Account,1,BIZRUNTIME
1065,Fathima,Hacker,service,6,MICRO
1066,Chandu,Webdeveloper,Account,1,BIZRUNTIME
1067,Deepu,Networkengineer,Finance,2,HP
1068,Chandu,Webdeveloper,Account,1,BIZRUNTIME
1069,Fathima,Hacker,service,6,MICRO
1070,Chandu,Webdeveloper,Account,1,BIZRUNTIME
1071,Fathima,Hacker,service,6,MICRO
1072,Chandu,Webdeveloper,Account,1,BIZRUNTIME
1073,Deepu,Networkengineer,Finance,2,HP
1074,Chandu,Webdeveloper,Account,1,BIZRUNTIME
1075,Fathima,Hacker,service,6,MICRO
1076,Chandu,Webdeveloper,Account,1,BIZRUNTIME
1077,Deepika,Tester,Marketing,4,TCS
1078,Chandu,Webdeveloper,Account,1,BIZRUNTIME
1079,Deepu,Networkengineer,Finance,2,HP
1080,Chandu,Webdeveloper,Account,1,BIZRUNTIME
1081,Fathima,Hacker,service,6,MICRO
1082,Chandu,Webdeveloper,Account,1,BIZRUNTIME
1083,Fathima,Hacker,service,6,MICRO
1084,Chandu,Webdeveloper,Account,1,BIZRUNTIME
1085,Deepu,Networkengineer,Finance,2,HP
1086,Chandu,Webdeveloper,Account,1,BIZRUNTIME
1087,Deepika,Tester,Marketing,4,TCS
1088,Chandu,Webdeveloper,Account,1,BIZRUNTIME
1089,Fathima,Hacker,service,6,MICRO
1090,Chandu,Webdeveloper,Account,1,BIZRUNTIME
1091,Deepu,Networkengineer,Finance,2,HP
1092,Chandu,Webdeveloper,Account,1,BIZRUNTIME
1093,Fathima,Hacker,service,6,MICRO
1094,Chandu,Webdeveloper,Account,1,BIZRUNTIME
1095,Fathima,Hacker,service,6,MICRO
1096,Chandu,Webdeveloper,Account,1,BIZRUNTIME
1097,Deepu,Networkengineer,Finance,2,HP
1098,Chandu,Webdeveloper,Account,1,BIZRUNTIME
1099,Fathima,Hacker,service,6,MICRO
1100,Chandu,Webdeveloper,Account,1,BIZRUNTIME
1101,Fathima,Hacker,service,6,MICRO
1102,Fathima,Hacker,service,6,MICRO
1103,Chandu,Webdeveloper,Account,1,BIZRUNTIME
1104,Deepu,Networkengineer,Finance,2,HP
1105,Chandu,Webdeveloper,Account,1,BIZRUNTIME
1106,Deepika,Tester,Marketing,4,TCS
1107,Chandu,Webdeveloper,Account,1,BIZRUNTIME
1108,Fathima,Hacker,service,6,MICRO
1109,Chandu,Webdeveloper,Account,1,BIZRUNTIME
1110,Deepu,Networkengineer,Finance,2,HP
1111,Chandu,Webdeveloper,Account,1,BIZRUNTIME
1112,Fathima,Hacker,service,6,MICRO
1113,Chandu,Webdeveloper,Account,1,BIZRUNTIME
1114,Fathima,Hacker,service,6,MICRO
1115,Chandu,Webdeveloper,Account,1,BIZRUNTIME
1116,Deepu,Networkengineer,Finance,2,HP
1117,Chandu,Webdeveloper,Account,1,BIZRUNTIME
1118,Fathima,Hacker,service,6,MICRO
1119,Chandu,Webdeveloper,Account,1,BIZRUNTIME
1120,Fathima,Hacker,service,6,MICRO
1121,Chandu,Webdeveloper,Account,1,BIZRUNTIME
1122,Deepu,Networkengineer,Finance,2,HP
1123,Chandu,Webdeveloper,Account,1,BIZRUNTIME
1124,Fathima,Hacker,service,6,MICRO
1125,Chandu,Webdeveloper,Account,1,BIZRUNTIME
1126,Deepika,Tester,Marketing,4,TCS
1127,Chandu,Webdeveloper,Account,1,BIZRUNTIME
1128,Deepu,Networkengineer,Finance,2,HP
1129,Chandu,Webdeveloper,Account,1,BIZRUNTIME
1130,Fathima,Hacker,service,6,MICRO
1131,Chandu,Webdeveloper,Account,1,BIZRUNTIME
1132,Fathima,Hacker,service,6,MICRO
1133,Chandu,Webdeveloper,Account,1,BIZRUNTIME
1134,Deepu,Networkengineer,Finance,2,HP
1135,Chandu,Webdeveloper,Account,1,BIZRUNTIME
1136,Deepika,Tester,Marketing,4,TCS
1137,Chandu,Webdeveloper,Account,1,BIZRUNTIME
1138,Fathima,Hacker,service,6,MICRO
1139,Chandu,Webdeveloper,Account,1,BIZRUNTIME
1140,Deepu,Networkengineer,Finance,2,HP
1141,Chandu,Webdeveloper,Account,1,BIZRUNTIME
1142,Fathima,Hacker,service,6,MICRO
1143,Chandu,Webdeveloper,Account,1,BIZRUNTIME
1144,Fathima,Hacker,service,6,MICRO
1145,Chandu,Webdeveloper,Account,1,BIZRUNTIME
1146,Deepu,Networkengineer,Finance,2,HP
1147,Chandu,Webdeveloper,Account,1,BIZRUNTIME
1148,Fathima,Hacker,service,6,MICRO
1149,Chandu,Webdeveloper,Account,1,BIZRUNTIME
1150,Fathima,Hacker,service,6,MICRO
1151,Chandu,Webdeveloper,Account,1,BIZRUNTIME
1152,Deepu,Networkengineer,Finance,2,HP
1153,Chandu,Webdeveloper,Account,1,BIZRUNTIME
1154,Fathima,Hacker,service,6,MICRO
1155,Chandu,Webdeveloper,Account,1,BIZRUNTIME
1156,Deepika,Tester,Marketing,4,TCS
1157,Chandu,Webdeveloper,Account,1,BIZRUNTIME
1158,Deepu,Networkengineer,Finance,2,HP
1159,Chandu,Webdeveloper,Account,1,BIZRUNTIME
1160,Fathima,Hacker,service,6,MICRO
1161,Chandu,Webdeveloper,Account,1,BIZRUNTIME
1162,Fathima,Hacker,service,6,MICRO
1163,Chandu,Webdeveloper,Account,1,BIZRUNTIME
1164,Deepu,Networkengineer,Finance,2,HP
1165,Chandu,Webdeveloper,Account,1,BIZRUNTIME
1166,Deepika,Tester,Marketing,4,TCS
1167,Chandu,Webdeveloper,Account,1,BIZRUNTIME
1168,Fathima,Hacker,service,6,MICRO
1169,Chandu,Webdeveloper,Account,1,BIZRUNTIME
1170,Deepu,Networkengineer,Finance,2,HP
1171,Chandu,Webdeveloper,Account,1,BIZRUNTIME
1172,Fathima,Hacker,service,6,MICRO
1173,Chandu,Webdeveloper,Account,1,BIZRUNTIME
1174,Fathima,Hacker,service,6,MICRO
1175,Chandu,Webdeveloper,Account,1,BIZRUNTIME
1176,Deepu,Networkengineer,Finance,2,HP
1177,Chandu,Webdeveloper,Account,1,BIZRUNTIME
1178,Fathima,Hacker,service,6,MICRO
1179,Chandu,Webdeveloper,Account,1,BIZRUNTIME
1180,Fathima,Hacker,service,6,MICRO
1181,Chandu,Webdeveloper,Account,1,BIZRUNTIME
1182,Deepu,Networkengineer,Finance,2,HP
1183,Chandu,Webdeveloper,Account,1,BIZRUNTIME
1184,Fathima,Hacker,service,6,MICRO
1185,Chandu,Webdeveloper,Account,1,BIZRUNTIME
1186,Deepika,Tester,Marketing,4,TCS
1187,Chandu,Webdeveloper,Account,1,BIZRUNTIME
1188,Deepu,Networkengineer,Finance,2,HP
1189,Chandu,Webdeveloper,Account,1,BIZRUNTIME
1190,Fathima,Hacker,service,6,MICRO
1191,Chandu,Webdeveloper,Account,1,BIZRUNTIME
1192,Fathima,Hacker,service,6,MICRO
1193,Chandu,Webdeveloper,Account,1,BIZRUNTIME
1194,Deepu,Networkengineer,Finance,2,HP
1195,Chandu,Webdeveloper,Account,1,BIZRUNTIME
1196,Deepika,Tester,Marketing,4,TCS
1197,Chandu,Webdeveloper,Account,1,BIZRUNTIME
1198,Fathima,Hacker,service,6,MICRO
1199,Chandu,Webdeveloper,Account,1,BIZRUNTIME
1200,Deepu,Networkengineer,Finance,2,HP
1201,Chandu,Webdeveloper,Account,1,BIZRUNTIME
1202,Fathima,Hacker,service,6,MICRO
1203,Chandu,Webdeveloper,Account,1,BIZRUNTIME
1204,Fathima,Hacker,service,6,MICRO
1205,Chandu,Webdeveloper,Account,1,BIZRUNTIME
1206,Deepu,Networkengineer,Finance,2,HP
1207,Chandu,Webdeveloper,Account,1,BIZRUNTIME
1208,Fathima,Hacker,service,6,MICRO
1209,Chandu,Webdeveloper,Account,1,BIZRUNTIME
1210,Fathima,Hacker,service,6,MICRO
1211,Chandu,Webdeveloper,Account,1,BIZRUNTIME
1212,Deepu,Networkengineer,Finance,2,HP
1213,Chandu,Webdeveloper,Account,1,BIZRUNTIME
1214,Fathima,Hacker,service,6,MICRO
1215,Chandu,Webdeveloper,Account,1,BIZRUNTIME
1216,Deepika,Tester,Marketing,4,TCS
1217,Chandu,Webdeveloper,Account,1,BIZRUNTIME
1218,Deepu,Networkengineer,Finance,2,HP
1219,Chandu,Webdeveloper,Account,1,BIZRUNTIME
1220,Fathima,Hacker,service,6,MICRO
1221,Chandu,Webdeveloper,Account,1,BIZRUNTIME
1222,Fathima,Hacker,service,6,MICRO
1223,Chandu,Webdeveloper,Account,1,BIZRUNTIME
1224,Deepu,Networkengineer,Finance,2,HP
1225,Chandu,Webdeveloper,Account,1,BIZRUNTIME
1226,Deepika,Tester,Marketing,4,TCS
1227,Chandu,Webdeveloper,Account,1,BIZRUNTIME
1228,Fathima,Hacker,service,6,MICRO
1229,Chandu,Webdeveloper,Account,1,BIZRUNTIME
1230,Deepu,Networkengineer,Finance,2,HP
1231,Chandu,Webdeveloper,Account,1,BIZRUNTIME
1232,Fathima,Hacker,service,6,MICRO
1233,Chandu,Webdeveloper,Account,1,BIZRUNTIME
1234,Fathima,Hacker,service,6,MICRO
1235,Chandu,Webdeveloper,Account,1,BIZRUNTIME
1236,Deepu,Networkengineer,Finance,2,HP
1237,Chandu,Webdeveloper,Account,1,BIZRUNTIME
1238,Fathima,Hacker,service,6,MICRO
1239,Chandu,Webdeveloper,Account,1,BIZRUNTIME
1240,Fathima,Hacker,service,6,MICRO
1241,Chandu,Webdeveloper,Account,1,BIZRUNTIME
1242,Deepu,Networkengineer,Finance,2,HP
1243,Chandu,Webdeveloper,Account,1,BIZRUNTIME
1244,Fathima,Hacker,service,6,MICRO
1245,Chandu,Webdeveloper,Account,1,BIZRUNTIME
1246,Deepika,Tester,Marketing,4,TCS
1247,Chandu,Webdeveloper,Account,1,BIZRUNTIME
1248,Deepu,Networkengineer,Finance,2,HP
1249,Chandu,Webdeveloper,Account,1,BIZRUNTIME
1250,Fathima,Hacker,service,6,MICRO
1251,Chandu,Webdeveloper,Account,1,BIZRUNTIME
1252,Fathima,Hacker,service,6,MICRO
1253,Chandu,Webdeveloper,Account,1,BIZRUNTIME
1254,Deepu,Networkengineer,Finance,2,HP
1255,Chandu,Webdeveloper,Account,1,BIZRUNTIME
1256,Deepika,Tester,Marketing,4,TCS
1257,Chandu,Webdeveloper,Account,1,BIZRUNTIME
1258,Fathima,Hacker,service,6,MICRO
1259,Chandu,Webdeveloper,Account,1,BIZRUNTIME
1260,Deepu,Networkengineer,Finance,2,HP
1261,Chandu,Webdeveloper,Account,1,BIZRUNTIME
1262,Fathima,Hacker,service,6,MICRO
1263,Chandu,Webdeveloper,Account,1,BIZRUNTIME
1264,Fathima,Hacker,service,6,MICRO
1265,Chandu,Webdeveloper,Account,1,BIZRUNTIME
1266,Deepu,Networkengineer,Finance,2,HP
1267,Chandu,Webdeveloper,Account,1,BIZRUNTIME
1268,Fathima,Hacker,service,6,MICRO
1269,Chandu,Webdeveloper,Account,1,BIZRUNTIME
1270,Fathima,Hacker,service,6,MICRO
1271,Chandu,Webdeveloper,Account,1,BIZRUNTIME
1272,Deepu,Networkengineer,Finance,2,HP
1273,Chandu,Webdeveloper,Account,1,BIZRUNTIME
1274,Fathima,Hacker,service,6,MICRO
1275,Chandu,Webdeveloper,Account,1,BIZRUNTIME
1276,Deepika,Tester,Marketing,4,TCS
1277,Chandu,Webdeveloper,Account,1,BIZRUNTIME
1278,Deepu,Networkengineer,Finance,2,HP
1279,Chandu,Webdeveloper,Account,1,BIZRUNTIME
1280,Fathima,Hacker,service,6,MICRO
1281,Chandu,Webdeveloper,Account,1,BIZRUNTIME
1282,Fathima,Hacker,service,6,MICRO
1283,Chandu,Webdeveloper,Account,1,BIZRUNTIME
1284,Deepu,Networkengineer,Finance,2,HP
1285,Chandu,Webdeveloper,Account,1,BIZRUNTIME
1286,Deepika,Tester,Marketing,4,TCS
1287,Chandu,Webdeveloper,Account,1,BIZRUNTIME
1288,Fathima,Hacker,service,6,MICRO
1289,Chandu,Webdeveloper,Account,1,BIZRUNTIME
1290,Deepu,Networkengineer,Finance,2,HP
1291,Chandu,Webdeveloper,Account,1,BIZRUNTIME
1292,Fathima,Hacker,service,6,MICRO
1293,Chandu,Webdeveloper,Account,1,BIZRUNTIME
1294,Fathima,Hacker,service,6,MICRO
1295,Chandu,Webdeveloper,Account,1,BIZRUNTIME
1296,Deepu,Networkengineer,Finance,2,HP
1297,Chandu,Webdeveloper,Account,1,BIZRUNTIME
1298,Fathima,Hacker,service,6,MICRO
1299,Chandu,Webdeveloper,Account,1,BIZRUNTIME
1300,Fathima,Hacker,service,6,MICRO
1301,Fathima,Hacker,service,6,MICRO
1302,Chandu,Webdeveloper,Account,1,BIZRUNTIME
1303,Deepu,Networkengineer,Finance,2,HP
1304,Chandu,Webdeveloper,Account,1,BIZRUNTIME
1305,Deepika,Tester,Marketing,4,TCS
1306,Chandu,Webdeveloper,Account,1,BIZRUNTIME
1307,Fathima,Hacker,service,6,MICRO
1308,Chandu,Webdeveloper,Account,1,BIZRUNTIME
1309,Deepu,Networkengineer,Finance,2,HP
1310,Chandu,Webdeveloper,Account,1,BIZRUNTIME
1311,Fathima,Hacker,service,6,MICRO
1312,Chandu,Webdeveloper,Account,1,BIZRUNTIME
1313,Fathima,Hacker,service,6,MICRO
1314,Chandu,Webdeveloper,Account,1,BIZRUNTIME
1315,Deepu,Networkengineer,Finance,2,HP
1316,Chandu,Webdeveloper,Account,1,BIZRUNTIME
1317,Fathima,Hacker,service,6,MICRO
1318,Chandu,Webdeveloper,Account,1,BIZRUNTIME
1319,Fathima,Hacker,service,6,MICRO
1320,Chandu,Webdeveloper,Account,1,BIZRUNTIME
1321,Deepu,Networkengineer,Finance,2,HP
1322,Chandu,Webdeveloper,Account,1,BIZRUNTIME
1323,Fathima,Hacker,service,6,MICRO
1324,Chandu,Webdeveloper,Account,1,BIZRUNTIME
1325,Deepika,Tester,Marketing,4,TCS
1326,Chandu,Webdeveloper,Account,1,BIZRUNTIME
1327,Deepu,Networkengineer,Finance,2,HP
1328,Chandu,Webdeveloper,Account,1,BIZRUNTIME
1329,Fathima,Hacker,service,6,MICRO
1330,Chandu,Webdeveloper,Account,1,BIZRUNTIME
1331,Fathima,Hacker,service,6,MICRO
1332,Chandu,Webdeveloper,Account,1,BIZRUNTIME
1333,Deepu,Networkengineer,Finance,2,HP
1334,Chandu,Webdeveloper,Account,1,BIZRUNTIME
1335,Deepika,Tester,Marketing,4,TCS
1336,Chandu,Webdeveloper,Account,1,BIZRUNTIME
1337,Fathima,Hacker,service,6,MICRO
1338,Chandu,Webdeveloper,Account,1,BIZRUNTIME
1339,Deepu,Networkengineer,Finance,2,HP
1340,Chandu,Webdeveloper,Account,1,BIZRUNTIME
1341,Fathima,Hacker,service,6,MICRO
1342,Chandu,Webdeveloper,Account,1,BIZRUNTIME
1343,Fathima,Hacker,service,6,MICRO
1344,Chandu,Webdeveloper,Account,1,BIZRUNTIME
1345,Deepu,Networkengineer,Finance,2,HP
1346,Chandu,Webdeveloper,Account,1,BIZRUNTIME
1347,Fathima,Hacker,service,6,MICRO
1348,Chandu,Webdeveloper,Account,1,BIZRUNTIME
1349,Fathima,Hacker,service,6,MICRO
1350,Chandu,Webdeveloper,Account,1,BIZRUNTIME
1351,Deepu,Networkengineer,Finance,2,HP
1352,Chandu,Webdeveloper,Account,1,BIZRUNTIME
1353,Fathima,Hacker,service,6,MICRO
1354,Chandu,Webdeveloper,Account,1,BIZRUNTIME
1355,Deepika,Tester,Marketing,4,TCS
1356,Chandu,Webdeveloper,Account,1,BIZRUNTIME
1357,Deepu,Networkengineer,Finance,2,HP
1358,Chandu,Webdeveloper,Account,1,BIZRUNTIME
1359,Fathima,Hacker,service,6,MICRO
1360,Chandu,Webdeveloper,Account,1,BIZRUNTIME
1361,Fathima,Hacker,service,6,MICRO
1362,Chandu,Webdeveloper,Account,1,BIZRUNTIME
1363,Deepu,Networkengineer,Finance,2,HP
1364,Chandu,Webdeveloper,Account,1,BIZRUNTIME
1365,Deepika,Tester,Marketing,4,TCS
1366,Chandu,Webdeveloper,Account,1,BIZRUNTIME
1367,Fathima,Hacker,service,6,MICRO
1368,Chandu,Webdeveloper,Account,1,BIZRUNTIME
1369,Deepu,Networkengineer,Finance,2,HP
1370,Chandu,Webdeveloper,Account,1,BIZRUNTIME
1371,Fathima,Hacker,service,6,MICRO
1372,Chandu,Webdeveloper,Account,1,BIZRUNTIME
1373,Fathima,Hacker,service,6,MICRO
1374,Chandu,Webdeveloper,Account,1,BIZRUNTIME
1375,Deepu,Networkengineer,Finance,2,HP
1376,Chandu,Webdeveloper,Account,1,BIZRUNTIME
1377,Fathima,Hacker,service,6,MICRO
1378,Chandu,Webdeveloper,Account,1,BIZRUNTIME
1379,Fathima,Hacker,service,6,MICRO
1380,Chandu,Webdeveloper,Account,1,BIZRUNTIME
1381,Deepu,Networkengineer,Finance,2,HP
1382,Chandu,Webdeveloper,Account,1,BIZRUNTIME
1383,Fathima,Hacker,service,6,MICRO
1384,Chandu,Webdeveloper,Account,1,BIZRUNTIME
1385,Deepika,Tester,Marketing,4,TCS
1386,Chandu,Webdeveloper,Account,1,BIZRUNTIME
1387,Deepu,Networkengineer,Finance,2,HP
1388,Chandu,Webdeveloper,Account,1,BIZRUNTIME
1389,Fathima,Hacker,service,6,MICRO
1390,Chandu,Webdeveloper,Account,1,BIZRUNTIME
1391,Fathima,Hacker,service,6,MICRO
1392,Chandu,Webdeveloper,Account,1,BIZRUNTIME
1393,Deepu,Networkengineer,Finance,2,HP
1394,Chandu,Webdeveloper,Account,1,BIZRUNTIME
1395,Deepika,Tester,Marketing,4,TCS
1396,Chandu,Webdeveloper,Account,1,BIZRUNTIME
1397,Fathima,Hacker,service,6,MICRO
1398,Chandu,Webdeveloper,Account,1,BIZRUNTIME
1399,Deepu,Networkengineer,Finance,2,HP
1400,Chandu,Webdeveloper,Account,1,BIZRUNTIME
1401,Fathima,Hacker,service,6,MICRO
1402,Chandu,Webdeveloper,Account,1,BIZRUNTIME
1403,Fathima,Hacker,service,6,MICRO
1404,Chandu,Webdeveloper,Account,1,BIZRUNTIME
1405,Deepu,Networkengineer,Finance,2,HP
1406,Chandu,Webdeveloper,Account,1,BIZRUNTIME
1407,Fathima,Hacker,service,6,MICRO
1408,Chandu,Webdeveloper,Account,1,BIZRUNTIME
1409,Fathima,Hacker,service,6,MICRO
1410,Chandu,Webdeveloper,Account,1,BIZRUNTIME
1411,Deepu,Networkengineer,Finance,2,HP
1412,Chandu,Webdeveloper,Account,1,BIZRUNTIME
1413,Fathima,Hacker,service,6,MICRO
1414,Chandu,Webdeveloper,Account,1,BIZRUNTIME
1415,Deepika,Tester,Marketing,4,TCS
1416,Chandu,Webdeveloper,Account,1,BIZRUNTIME
1417,Deepu,Networkengineer,Finance,2,HP
1418,Chandu,Webdeveloper,Account,1,BIZRUNTIME
1419,Fathima,Hacker,service,6,MICRO
1420,Chandu,Webdeveloper,Account,1,BIZRUNTIME
1421,Fathima,Hacker,service,6,MICRO
1422,Chandu,Webdeveloper,Account,1,BIZRUNTIME
1423,Deepu,Networkengineer,Finance,2,HP
1424,Chandu,Webdeveloper,Account,1,BIZRUNTIME
1425,Deepika,Tester,Marketing,4,TCS
1426,Chandu,Webdeveloper,Account,1,BIZRUNTIME
1427,Fathima,Hacker,service,6,MICRO
1428,Chandu,Webdeveloper,Account,1,BIZRUNTIME
1429,Deepu,Networkengineer,Finance,2,HP
1430,Chandu,Webdeveloper,Account,1,BIZRUNTIME
1431,Fathima,Hacker,service,6,MICRO
1432,Chandu,Webdeveloper,Account,1,BIZRUNTIME
1433,Fathima,Hacker,service,6,MICRO
1434,Chandu,Webdeveloper,Account,1,BIZRUNTIME
1435,Deepu,Networkengineer,Finance,2,HP
1436,Chandu,Webdeveloper,Account,1,BIZRUNTIME
1437,Fathima,Hacker,service,6,MICRO
1438,Chandu,Webdeveloper,Account,1,BIZRUNTIME
1439,Fathima,Hacker,service,6,MICRO
1440,Chandu,Webdeveloper,Account,1,BIZRUNTIME
1441,Deepu,Networkengineer,Finance,2,HP
1442,Chandu,Webdeveloper,Account,1,BIZRUNTIME
1443,Fathima,Hacker,service,6,MICRO
1444,Chandu,Webdeveloper,Account,1,BIZRUNTIME
1445,Deepika,Tester,Marketing,4,TCS
1446,Chandu,Webdeveloper,Account,1,BIZRUNTIME
1447,Deepu,Networkengineer,Finance,2,HP
1448,Chandu,Webdeveloper,Account,1,BIZRUNTIME
1449,Fathima,Hacker,service,6,MICRO
1450,Chandu,Webdeveloper,Account,1,BIZRUNTIME
1451,Fathima,Hacker,service,6,MICRO
1452,Chandu,Webdeveloper,Account,1,BIZRUNTIME
1453,Deepu,Networkengineer,Finance,2,HP
1454,Chandu,Webdeveloper,Account,1,BIZRUNTIME
1455,Deepika,Tester,Marketing,4,TCS
1456,Chandu,Webdeveloper,Account,1,BIZRUNTIME
1457,Fathima,Hacker,service,6,MICRO
1458,Chandu,Webdeveloper,Account,1,BIZRUNTIME
1459,Deepu,Networkengineer,Finance,2,HP
1460,Chandu,Webdeveloper,Account,1,BIZRUNTIME
1461,Fathima,Hacker,service,6,MICRO
1462,Chandu,Webdeveloper,Account,1,BIZRUNTIME
1463,Fathima,Hacker,service,6,MICRO
1464,Chandu,Webdeveloper,Account,1,BIZRUNTIME
1465,Deepu,Networkengineer,Finance,2,HP
1466,Chandu,Webdeveloper,Account,1,BIZRUNTIME
1467,Fathima,Hacker,service,6,MICRO
1468,Chandu,Webdeveloper,Account,1,BIZRUNTIME
1469,Fathima,Hacker,service,6,MICRO
1470,Chandu,Webdeveloper,Account,1,BIZRUNTIME
1471,Deepu,Networkengineer,Finance,2,HP
1472,Chandu,Webdeveloper,Account,1,BIZRUNTIME
1473,Fathima,Hacker,service,6,MICRO
1474,Chandu,Webdeveloper,Account,1,BIZRUNTIME
1475,Deepika,Tester,Marketing,4,TCS
1476,Chandu,Webdeveloper,Account,1,BIZRUNTIME
1477,Deepu,Networkengineer,Finance,2,HP
1478,Chandu,Webdeveloper,Account,1,BIZRUNTIME
1479,Fathima,Hacker,service,6,MICRO
1480,Chandu,Webdeveloper,Account,1,BIZRUNTIME
1481,Fathima,Hacker,service,6,MICRO
1482,Chandu,Webdeveloper,Account,1,BIZRUNTIME
1483,Deepu,Networkengineer,Finance,2,HP
1484,Chandu,Webdeveloper,Account,1,BIZRUNTIME
1485,Deepika,Tester,Marketing,4,TCS
1486,Chandu,Webdeveloper,Account,1,BIZRUNTIME
1487,Fathima,Hacker,service,6,MICRO
1488,Chandu,Webdeveloper,Account,1,BIZRUNTIME
1489,Deepu,Networkengineer,Finance,2,HP
1490,Chandu,Webdeveloper,Account,1,BIZRUNTIME
1491,Fathima,Hacker,service,6,MICRO
1492,Chandu,Webdeveloper,Account,1,BIZRUNTIME
1493,Fathima,Hacker,service,6,MICRO
1494,Chandu,Webdeveloper,Account,1,BIZRUNTIME
1495,Deepu,Networkengineer,Finance,2,HP
1496,Chandu,Webdeveloper,Account,1,BIZRUNTIME
1497,Fathima,Hacker,service,6,MICRO
1498,Chandu,Webdeveloper,Account,1,BIZRUNTIME
1499,Fathima,Hacker,service,6,MICRO
